-- phpMyAdmin SQL Dump
-- version 5.0.4
-- https://www.phpmyadmin.net/
--
-- Host: 127.0.0.1
-- Generation Time: Oct 11, 2023 at 05:03 AM
-- Server version: 10.4.16-MariaDB
-- PHP Version: 7.4.12

SET SQL_MODE = "NO_AUTO_VALUE_ON_ZERO";
START TRANSACTION;
SET time_zone = "+00:00";


/*!40101 SET @OLD_CHARACTER_SET_CLIENT=@@CHARACTER_SET_CLIENT */;
/*!40101 SET @OLD_CHARACTER_SET_RESULTS=@@CHARACTER_SET_RESULTS */;
/*!40101 SET @OLD_COLLATION_CONNECTION=@@COLLATION_CONNECTION */;
/*!40101 SET NAMES utf8mb4 */;

--
-- Database: `simarsip`
--

-- --------------------------------------------------------

--
-- Table structure for table `archive`
--

CREATE TABLE `archive` (
  `archive_id` int(11) NOT NULL,
  `archive_code` varchar(256) NOT NULL,
  `archive_timestamp` timestamp NOT NULL DEFAULT current_timestamp() ON UPDATE current_timestamp(),
  `archive_catalog_id` int(11) NOT NULL,
  `archive_title` varchar(512) NOT NULL,
  `archive_serial_number` int(11) NOT NULL,
  `archive_release_date` date NOT NULL,
  `archive_file_number` int(11) NOT NULL,
  `archive_condition_id` int(11) NOT NULL,
  `archive_type_id` int(11) NOT NULL,
  `archive_class_id` int(11) NOT NULL,
  `archive_agency` varchar(256) NOT NULL,
  `archive_file` longblob NOT NULL,
  `user_id` int(11) NOT NULL
) ENGINE=InnoDB DEFAULT CHARSET=utf8mb4;

--
-- Dumping data for table `archive`
--

INSERT INTO `archive` (`archive_id`, `archive_code`, `archive_timestamp`, `archive_catalog_id`, `archive_title`, `archive_serial_number`, `archive_release_date`, `archive_file_number`, `archive_condition_id`, `archive_type_id`, `archive_class_id`, `archive_agency`, `archive_file`, `user_id`) VALUES
(1, '01', '2023-09-11 04:02:42', 1, 'DOKTRIN TNI AU', 1, '2014-02-05', 1, 1, 1, 1, 'TNI AU', '', 1),
(9, '01', '2023-09-12 01:03:31', 1, 'KOPASGAT DAN MATRA UDARA', 2, '2019-03-02', 1, 1, 1, 1, 'TNI AU', '', 1),
(10, '01', '2023-09-15 08:04:26', 1, 'KOPASGAT DAN MATRA UDARA', 2, '2019-03-02', 1, 1, 1, 1, 'TNI AU', '', 1);
INSERT INTO `archive` (`archive_id`, `archive_code`, `archive_timestamp`, `archive_catalog_id`, `archive_title`, `archive_serial_number`, `archive_release_date`, `archive_file_number`, `archive_condition_id`, `archive_type_id`, `archive_class_id`, `archive_agency`, `archive_file`, `user_id`) VALUES
(11, '112', '2023-10-11 02:17:17', 6, 'test v1', 112, '2023-10-06', 11, 2, 3, 2, 'TEST V1', 0x4a564245526930784c6a634e436957317462573144516f784944416762324a7144516f38504339556558426c4c304e6864474673623263765547466e5a584d674d69417749464976544746755a79686c62696b674c314e30636e566a644652795a5756536232393049444531494441675569394e59584a725357356d627a77384c303168636d746c5a434230636e566c506a34765457563059575268644745674d6a63674d4342534c315a705a58646c636c42795a575a6c636d56755932567a4944493449444167556a342b4451706c626d5276596d6f4e436a49674d434276596d6f4e436a77384c315235634755765547466e5a584d7651323931626e51674d53394c6157527a5779417a49444167556c3067506a344e436d56755a4739696167304b4d794177494739696167304b5044777656486c775a5339515957646c4c314268636d56756443417949444167556939535a584e7664584a6a5a584d38504339476232353050447776526a45674e53417749464976526a49674d5449674d434253506a34765258683052314e305958526c5044777652314d784d4341784d4341774946497652314d784d5341784d5341774946492b50693951636d396a553256305779395152455976564756346443394a6257466e5a554976535731685a3256444c306c745957646c53563067506a34765457566b6157464362336862494441674d4341324d5449674e7a6b7958534176513239756447567564484d674e4341774946497652334a7664584138504339556558426c4c306479623356774c314d7656484a68626e4e7759584a6c626d4e354c304e544c30526c646d6c6a5a564a48516a342b4c315268596e4d765579395464484a315933525159584a6c626e527a4944412b5067304b5a57356b62324a7144516f304944416762324a7144516f3850433947615778305a584976526d7868644756455a574e765a475576544756755a33526f494445354f44342b4451707a64484a6c5957304e436e69636a59343743384a4145495437672f735055367067736e764a35514868436d4d5346464e4949685a69596147704444372b50376761433756796978316d4748592f2b4d336c3043504c2f4470667a45482b36744233474233373661595a4f34665a504d64564b2f4c6f4f536b6245434c5a635770774f3271316e61445861745a71355a634d5a72516e7256684b42495a4a72476352552b725a424f315a4f6c5844684f34754239454e6c742b32306d7158455a6e496855387069594b4369484d334463525434424b524b4279737847784662664671533778487539537145493631567638436d312f67774552652f416e3877687a675268682f50554652353367416a47412f7241304b5a57356b633352795a5746744451706c626d5276596d6f4e436a55674d434276596d6f4e436a77384c31523563475576526d39756443395464574a306558426c4c315235634755774c304a6863325647623235304c304a44524556465253744459577870596e4a704c3056755932396b6157356e4c306c6b5a573530615852354c5567765247567a593256755a47467564455a76626e527a494459674d4342534c315276565735705932396b5a5341794d7941774946492b5067304b5a57356b62324a7144516f324944416762324a7144517062494463674d4342535853414e436d56755a4739696167304b4e794177494739696167304b50447776516d467a5a555a76626e5176516b4e45525556464b304e6862476c69636d6b765533566964486c775a533944535552476232353056486c775a54497656486c775a533947623235304c304e4a5246527652306c45545746774c306c6b5a573530615852354c305258494445774d44417651306c4555336c7a644756745357356d627941344944416755693947623235305247567a59334a70634852766369413549444167556939584944493149444167556a342b4451706c626d5276596d6f4e436a67674d434276596d6f4e436a77384c3039795a4756796157356e4b456c6b5a573530615852354b534176556d566e61584e30636e6b6f51575276596d55704943395464584277624756745a5735304944412b5067304b5a57356b62324a7144516f354944416762324a7144516f38504339556558426c4c305a76626e52455a584e6a636d6c77644739794c305a76626e524f5957316c4c304a44524556465253744459577870596e4a704c305a735957647a49444d794c306c3059577870593046755a32786c4944417651584e6a5a573530494463314d4339455a584e6a5a573530494330794e54417651324677534756705a326830494463314d433942646d645861575230614341314d6a45765457463456326c6b644767674d5463304d79394762323530563256705a326830494451774d433959534756705a326830494449314d43395464475674566941314d69394762323530516b4a76654673674c5455774d7941744d6a5577494445794e4441674e7a557758534176526d397564455a70624755794944493049444167556a342b4451706c626d5276596d6f4e436a45774944416762324a7144516f38504339556558426c4c30563464456454644746305a5339435453394f62334a7459577776593245674d54342b4451706c626d5276596d6f4e436a45784944416762324a7144516f38504339556558426c4c30563464456454644746305a5339435453394f62334a7459577776513045674d54342b4451706c626d5276596d6f4e436a45794944416762324a7144516f38504339556558426c4c305a76626e51765533566964486c775a533955636e566c56486c775a53394f5957316c4c3059794c304a6863325647623235304c304a4452455a465253744459577870596e4a704c3056755932396b6157356e4c316470626b467563326c46626d4e765a476c755a793947623235305247567a59334a7063485276636941784d79417749464976526d6c79633352446147467949444d794c307868633352446147467949444d794c3164705a48526f637941794e6941774946492b5067304b5a57356b62324a7144516f784d794177494739696167304b5044777656486c775a533947623235305247567a59334a70634852766369394762323530546d46745a53394351305247525555725132467361574a79615339476247466e6379417a4d69394a6447467361574e42626d64735a5341774c30467a59325675644341334e5441765247567a59325675644341744d6a55774c304e686345686c6157646f644341334e54417651585a6e56326c6b644767674e5449784c303168654664705a48526f494445334e444d76526d39756446646c6157646f644341304d4441765745686c6157646f644341794e5441765533526c625659674e544976526d397564454a4362336862494330314d444d674c5449314d4341784d6a5177494463314d4630674c305a76626e52476157786c4d6941794e4341774946492b5067304b5a57356b62324a7144516f784e434177494739696167304b5044777651585630614739794b46425351564e42553068555353424254466c424945464f536b464f53536b674c304e795a5746306233496f2f7638415451427041474d416367427641484d416277426d414851417267416741466341627742794147514149414179414441414d5141354b53417651334a6c59585270623235455958526c4b4551364d6a41794d7a45774d444d794d4455794e5467724d44636e4d44416e4b5341765457396b524746305a5368454f6a49774d6a4d784d44417a4d6a41314d6a55344b7a41334a7a41774a796b674c31427962325231593256794b50372f414530416151426a414849416277427a414738415a674230414b344149414258414738416367426b414341414d674177414445414f536b67506a344e436d56755a4739696167304b4d6a49674d434276596d6f4e436a77384c3152356347557654324a71553352744c3034674e79394761584a7a644341304e693947615778305a584976526d7868644756455a574e765a475576544756755a33526f49444d774d6a342b4451707a64484a6c5957304e436e69636256484261734a41454c304c2f7350387753513261675552536c55735967694a30494e34574f4d304c696137736d35412f37347a54617735654e686c337578374c32387967774143434363774443456351686a774754486d4d34596f34755937524b4d494269464534776c4d703567494f3441554d307877653738515a74375675562b55564f4636423845654d436e675454697a57622f58534961745a47377a75694c6a58796b4845695864513676714d4c614f4b4c58575932704c3271694c5a42532f52446e326b6c654a4b78323261654a4a69762f586d47352b54586349572b736c65786e7243574f35467562344246756d4875774e4d386f39726b676479545731614237316c796d316f65796b4a4b4530506777374b4b2b746162487a2b6b64783859652b725473667244302f7035664f3955546b4a6154486a6371643765445045393864504e65717445576e6b5a5836534231753878326d46553556754e524637586755375576433157506f754b36757642355a5a66633378367169363636427a78333065372b624c3657374451706c626d527a64484a6c5957304e436d56755a4739696167304b4d6a4d674d434276596d6f4e436a77384c305a706248526c63693947624746305a55526c5932396b5a53394d5a57356e644767674d6a5533506a344e436e4e30636d56686251304b654a78646b4d7471785341516876632b785378504677647a4c3455514b476b505a4e454c5466734152696570304b675973386a6231387668464471673844487a362f772f3759656e51556b48394e317150714b445753706863644f37355167544c6c4b5250414d687562745376506e4b444b4665504236627733565173795a74432f54444e7a646e447a6739436a33684861467656714356616f4854567a3936486e646a666e42463553416a585163435a2f2f51437a4f766245576755585965684f394c64357939356d2f69387a4149526551384c634f31774d30776a70617042556d622b65716776666a714343727872332b66564e504d76356d4e303657667a72496936774c6c666153716a6c5130695a70456c3051506b63726e5248326b4f6c4664526d7171524658633450705832435645646a504b64327539783568724e42647353595733364930325152584f4c31574b66346b4e436d56755a484e30636d56686251304b5a57356b62324a7144516f794e434177494739696167304b50447776526d6c73644756794c305a735958526c5247566a6232526c4c30786c626d6430614341794d6a497a4d53394d5a57356e64476778494467334f544579506a344e436e4e30636d56686251304b654a7a73585164346c4657365075662f707957547963776b4d326d544d4a4e4d45734142416f5153696d516742554a6f49526d6455424e5343426736694155774e74416f714776763246327854416155674131643237723258746132613974564c4f7671696b4279332f4e2f63304c676f6e64337233653950732f2f4a652b38372f6c4f2b552f357a7a6c66334c42686e44486d77496542315a564e4b4b3170732b522f7a506951315979707235564e6d464a797736423566325a38304137476c44335471777547587674497737324d38584e517136356853663379472b385a6351746a7261556f2f305444696174397535612f4d5a7978473463785a6e796765666e434a52766556556379746a79424d5674675965764a7a6259467673735a752b307278727a354c5533316a563048376e6f56375347666a57694277335a58356c366b3052374c62566d792b7152312f7152307044396c62504763316d554e3963655535627a4c324a4e706a4930304c616b2f61666d674a586d66494c38463558314c6d6c62585833584731684d5a487a344636624f57316939706369647557634e596c342b78776175584c317531757476444e6d49386c346a79793163324c62396c2f364b4847467466684d66745932497554424d75474c436c66746c382b396876576271464362762f733358504348376e2b35756532502f44776261347a79306a6b49786a43694e4450525072597679782b4b3337662f686861397a6e576b75394c50314f3466476377647159673432465673414662424e6a53654f3135334b6d47674c38516d5a6b46754f56786b49303259645966594674564a69464b58616a6f6967475654463879415a315038707954395636414a746137664f7849474e357a3141667a4e63702b5437477530576575744f594b45624b58496245513733687a37502f63314d2f5a58662b552b58752b702f4c4b595a2f7271326a746a2f333648564e722f2f376266354c7a372b4c545479712f324e6d2f3038382f7a396868695a32512b2b30326e5a342b73644d6e66452f6c2b4f662f334e74486332553934396531325436393976384b565033486a455030316e465563765673737a2f692b662f667a44444d466233532f6442742f2b394b552b7a4b332f705076776154506d495466703336764876574f765033526664644e4e4e4e39332b66564f753576452f6d6c66483976346e2b2f4a724d5855344f2b2b58376f4e7575756d6d6d32372f76686b655963302f6435764b3757794c636a376249745038316b4e616d633232474a596353683957723432564b38637a77382f6448393130303030333358545454546664644e4e4e4e39312b33535a2b7a7579642f6d642f7a745479395a387a64644e4e4e393130303030333358545454546664644e4e4e4e39312b63655036623650727070747575756d6d6d32363636616162627272707070747575756d6d6d32363636616162627272707070747575756d6d6d32363636616162627272707070747575756d6d6d32363636616162627272395037487533623930443354545462642f7963542f6634344b354d622b3874567a5348457472624a34787054644b484548306a6e4d4279582b6270594e75707856734b6d73686a57796c5778723170437334566d6a736f4b2b754c786e7572572f586f5579506c61474d6c4e59646138795254316c655065336f6c6a33783172702b33684764384e6e6d2b687262392f336a6f333170512b654a4a366365395365712b706b39584b5779664c5a4f46624b357545354a7636356c7650316b582f46532f7537586651337678543230385a377466317a6d4f696673414c74552f54306b496b2b2f33526e4d6e3469372f7a2f5a632f2b3036622b724b324a767a7648654d4c7556366538442b48756c534e573042614457473166444f4c35325152314d6d4f786434747036317757672f6a7254755578694857726945477333705159786746545978437257523344504b416d68735a44304e5a774a554662733630786f44395a5177695754764277677555426342457743767068634a426765524c4469435059426f752f476b6377496832637466487331617457726c692b624f6d5331684d574c32705a324e7a557547442b764c6c7a5a732b7144596471716d64577a5a672b6265715579736b566b7961576c355757544267664c423533374e67786f3063566a527778764744517741483938764e792f546e654e4a66545962645a342b4d735a7050526f43716344536a7a6c39663549766c3145554f2b66394b6b67534c747234656a7670656a4c754b44712f7a774d6846666e56624d64336a4a49456f32483145795343574450535735777a65576a5230347746666d393057654c6658374f766d73716a4430356c4a2f72532b7956394e544e573349317849324a4c4b7a55634e586c745a53366f76774f6c395a70507a456c766179756c4b303132474e4c2f47584e4d5550484d41363471325156716849502f2f7944743576484e654530713973644966434c4462783249696156316266474a6c52465334723957526e31326f2b56714b3146544756524d7861573735466f732f7350462f48674433743533633632494b3651454b6a7637462b546a696931714e537531725733723470346778452b76744c492f31502b54414e5132364b445043586c6b5543666a52574f62506e415478697a485034666533664d6e5465762f667a777a33314d5938707a2f45744531494d735765616b43383151392f51513477764f31763035627a4f49467541524b53744b6b78704831766769624a67516141326f74534a6e443079787830534f573079703664366e5439624c46565a58657a37784a6130534e7343333841426d4833744f772f66795064463150793642513074677575623276326c705452764e654649734251695742386261316e4834414b5572362f444942614a6161674b5277723879794d752f77517141496450724d4769367242574a5659743469714a734c7147574b314951566d70364a6576724c32756c446f6f32764a5868586578777537334f346235504e734c325442574b2f6f5253536e426f755358745963626d7950654f6b386a3373396d5839695448516e57597670712f65476d5772464b666b656b2f2f7434584c6232524b3057786e5a4561566c596a4e79635a2f4746465939614b31594c446c38355076775478694c44676558536b6d4a464a347a3168626d4879574a34537179455549653167345361567a4a4a5a4b6d6961736b6b54335a744e746c50644d6b5436354d784c324c70315a59446a70342b30584e2b74477455576e536f76362b73716252584277397231426a72594b79316f2f645445584d52657a4271574d527954704a5a616835324c6e774b6d7446635968585466424532777866324e2f6c722f586948676a5043596d78697272583172617a325631624e436d75724858744c6167354c555834527053497347396b796f5a546748537750654f537961756d4a57726f6e4f656d493741715a37526639616d3976374742716e6e6956505231634538615338326f6a30774f312f73694367443962394850676741344c53386975715376425869334863656376722f6637484c37793976724f37725946375233425950767973727157306467583766364b786e5a2f64586973522b76387a5042367a796e6932556d736b6c665754454254437076513465666e564855452b546e5673384b3748446a2b7a366b4a527857756c4e524e714f334952563534467936336f4f5a56684663345263496e45714b6c6d55685974504b655862684832725263672b6251306732646e476b2b692f5278317443706b4d3942443872584868544566647251616143636f437874674d3943766a597133533957326f496368386a5a7a5843524d43325472494f4a4351374747344f5759467777516245706d464c6869734b7a4732586a4f4e756577473363303445325a3272755474375745526630374e4a616d686b7232596153777466573430505052624665446546354e5044516f5247455a6f57334a7a43307233326978415268654176545776414f34543470387a574b3932396462557437586130345056674b336c563838776a336a324d527854384f5054596c524f4c3954524d6956763845345338572f6d4c796d3454666a44656670334173746a6830322b76384f49697859384c4d77326d7671614a4a58326433643030342b316e5033747073374b5535774b78774a433641793832594e786e6c4a6772557754307830745a514c2f7242516d4652313578583056434c66536b62524a474b534278616949753167424c6c57683278333143704165396176562b54634f506f614b754e3141624551384f4c61725839366f69775366375245564d2b74576e4d467738717147315038672f5644682f733966693854594c69304464574853615042306b38724a596d795a79416e6a66346b64565135364e33704270376d53364c654139356d6e446d472f4b624e4d523759706c4d4445764e73397269493347443043432b6862594f456d654f4d6339635730756431314b6259675877624566456968376c3935724b5741584d4472497152462f7776516c64465555664563315564624b5a2f704e776449704f6179325a6b523278355658553433616a2b6c5a342f455779736b556367745a5947342b52317978476e6f423578354851325832622f2b5473586f617a5139782b3476316a6e6c3359714b79322f5568485a485a673441444c6b563662356d35767439694f586f486d79324c72596332703544574957774573586a6a7466664f566961765350376c446d5262516d47766350746d504730544a453043676f324c375a5073616130557064486d47647062396143486571354334707258473278316a5a49724855725359375a47466879646265704c6c4167674738775a5244494768694c4d57373870695436515662365973496c6245312b357a2b4566377859645765614a41485261705a317667396364624a7a5a4e57344d76764141764f786f737232737662786368616b4e39624e706954346f7344527a574a5059467838754468735277496d307a66485731766a7145707277716e4a3374775734452b356f52702f7272785655776738597a59355957717453336931656349564b703955544d754a69613635763832626842497549456f746b58665454457467337a744c66373279506176693148595453666a32315849516a667977502b2b695952516a654c434c704a7131754f376d717a4931727a6c506d786c357667317559534534656a6234483461476758416672637567426d77746d65314f34623159346a6543357544304e2b77334631754b72456a6554546c7272656778516d6f554b6b6174455146597a4c4577567043346a654c416c307a44586e48664a6f33387343564e6969745971657a5178485a736769326e3453596b55676f71515749564d4d6e732b63465a626e6c4371794b7a433951627856486c4862463146717772486c30657058694b6f657557425544523774446f6e747235376252743544637a795930782f3134334a517831637254796c5073434c6d565a364d3854757353486d4c685a513377612b4433346a78612b425877612b415877612f424834522f444434496643443441645969426d5574396b776f415a516531516a63445077436d426b4a36416c7a71796f7a356c4c655a5356416f33416175415377496979447948765a7254496d5538356130646347702b4d42543154696a4f6b4f46324b4e696c4f6b324b44464f756c5743664671564b634973584a5570776b78566f70547052696a5253727056676c78516f706c6b75785449716c556979526f6c574b453652594c4d55694b56716b574368467378524e556a524b3053444641696e717061695459723455383653594b3855634b575a4c4d55754b57696e435568777678584653684b536f6b614a6169706c5356456b7851347270556b795459716f555536536f6c474b7946425653544a4a696f68546c5570524a5553704669525154704267765256434b59696e475358477346474f6c4743504661436c475356456b78556770526b6778584970685568524b4d56534b4956494d6c714a41696b4653444a5269674251424b5936526f7238552f61546f4b30572b46486c53354572686c794a48696d777066464a347065676a525a59556d564a34704d6951496c324b4e436c5370556952776932465334706b4b5a4b6b634572686b4d4975526149554e696b53704c424b455339466e4251574b6378536d4b5177536d4751517056436b594a4c77574b43643076524a6356424b51354973562b4b483654594a3858335576784469752b6b2b46614b763076786a52522f6b2b4a724b623653346b73707670426972785366532f475a46482b5634693953664372464a314a384c4d5648556e776f785a2b6c2b4a4d5548306a787668547653664775464f394938556370337062694c536e656c4f494e4b563658346a55705870586946536c656c75496c4b563655346755706e7066694f536d656c65495a4b66346778644e532f46364b70365234556f6f6e704868636973656b2b4a30556a3072786942523770486859696f656b6546434b4236533458347264557579536f6c4f4b6e564c634a385739557579515972735555536b367049684963593855643074786c7852335372464e696a756b2b4b3055743074786d785333536e474c4644644c635a4d554e30707867785262706268656975756b7546614b61365334576f7172704c68536969756b7546794b793653345649704c704c685969743949635a45554630707867525262704e677378666c536e4364467578546e536e474f464a756b32436a4632564c497349664c7349664c7349664c7349664c7349664c7349664c7349664c7349664c7349664c7349664c7349664c7349664c7349664c7349664c7349664c7349664c7349664c734965766c454c4750317a4750317a4750317a4750317a4750317a4750317a4750317a4750317a4750317a4750317a4750317a4750317a4750317a4750317a4750317a4750317a4750317a4750317a4750317a4750317a4750317a4750317a4750317a4750317a4750317a4750317a4750317a4750317a4750317a4750317a4750317a47503179475056794750567947505678474f3178474f3178474f3178474f3178474f3178474f3178474f3178474f3178474f37786b75784364796c6e5250754f38694a6d6a666479674d79683165725450614641627055346a326844746b77426154366c31524b63536e554a30636a5272504f696b6146594a61433352695552724b473831705659527253546e696d6a57424e42796f6d564553366e4945714a576f684f696d5757677855534c6946714946684931527a4e4c51553255616952714946704156453955527a5366614237566d3075704f55537a6957595231524b466959346e4f6f346f52465244564530306b36694b61416252644b4a7052464f4a70684256456b324f65697041465553546f70374a6f496c45355646504a61677336706b434b695571495a704165654f705870436f6d4f714e497a71576143795648454d306d71715049696f69476b6b30676d67344e54614d714a426147556f30684767774e565a414e496a7144535161514251674f6f616f5031452f6f723755644435524872575a532b516e7971476d73346c38564d394c3149636f6979695479454f5545633259426b6f6e536f746d5441656c457157513030336b496d637955524b526b2f496352485a794a684c5a6942496f7a306f5554785248655259694d3545706d6a34445a49796d5634454d52436f35465570784971595237796271306f727767355136514c53663641664b3230657037346e2b51665164306266527442725133364e70316142764b5055336f712b4a76714b384c796e31426446656f733870377a4f6976354c7a4c305366456e3143394445562b59685348314c717a35543645394548524f3954336e744537354c7a4861492f4572314e39425956655a4e5362784339486b3039487652614e505534304b74457235447a5a614b586946346b656f474b50452f3048446d664a5871473641394554314f5233784d395263346e695a346765707a6f4d614c6655636c484b6655493052366968796e764961494879666b413066314575346c3245585653795a3255756f2f6f58714964524e756a4b6357676144526c4e7169444b454a30443948645248635233556d306a65694f6141724f612f3562617556326f74736f37316169573468754a72714a3645616947346932456c31506a5631487256784c6441336c5855313046644756524664516863737064526e5270555358554e3746314d7076694336697641754a4c6944615172535a364877716552366c326f6e4f4a5471486142505278716937486e5232314c3041644262526d5646334d2b674d6f744f6a3768436f4c6572475963785069377048674459517261667136366a657155536e524e324e6f4a4f702b6b6c4561346c4f4a467044744a706f465457396b71717649466f65645465416c6c466a53366e6b45714a576f684f4946684d746f6e6f74524175705a38315576596d6f6b556f324543306771696571493570504e493847505a64364e6f646f4e673136466a56645377384b457831503354324f48685369566d7149716f6c6d456c5646585548516a4b684c504746363143566537326c5231356d6771564858514e41554b6c4a4a4e446e71516c7a414b796731695767694f63756a726732677371687245366730366a6f4e56424a317459456d524a504b51654f4a676b5446524f4f6953626a662b62475547687431316f4c474549324f4f7357724d59716f4b4f716343426f5a64595a4249364c4f576144686c44654d714444714841416153695748524a316959494f6a5472453343346747556657423949514252414671374269692f74525950364b2b52506c456556476e6d4b5663496a2b316d554e745a6c4e6a506d724653395348366d55525a524a3569444b4930714f4f7561433071474d654b4458716d41394b4958495475596953695a4b6f67704d714f4d68704a306f6b7368456c55456b726c59776e5a7879526863684d5a4b4b5352697070494b644b704242784968627374692f77436e545a47377748375933654139443767522b41666642394439382f674f2b416234472f772f384e3844666b6659333056384358774266415876672f427a3544336c2b522f6776774b66414a3848486951753948695333654434452f41333843506f447666664237774c76414f306a2f45667732384262774a7643473751547636375968337466417239706176612f5938723076417939427632674c654638416e676565512f367a3844316a572b4c39412f5454304c2b48667371323250756b625a48334356754c393348625175396a715073377450636f38416751374e36447a3465426834414845315a34483068593662302f595a563364384a71377936674539674a2f33334176636a6267627a74384557424469414333474d39325875333952547658645a31336a757436373362724275386477432f4257344862674e754257367844765465444c344a7542463162674276745a3767765237364f7568726757756772305a62563647744b39485746664264446c774758417063416c774d2f4162314c6b4a3746385a5038313451503932374a583668643350384c64377a34322f7a6e71336d656339536937786e38694c7647614732304f6e62326b4b6e686461484e6d786248374b75353962316e7657563630396476323339322b75445361623464614654517164754f795630636d6874364b527461304f376c59327357546b374f445a303472593149634d61313572566139532f722b4862317644534e587a77477136774e593431766a5671777572517974437162537444624f574d6c5730724979734e5979497233312b70734a553876724e377a2f61566e6a376c344f436d6c545a482b5972517374447962637443533575586842616a6734754b466f5a617469304d4e526331687071324e5962736a51574e536b5052676c42395556316f66744863304c787463304e7a696d61465a6d2b6246624c504b70696c4a4e5157685550486f2b707852545768304c61615548565256576a6d74717251394b4a706f576e77547932714445335a56686d6158445170564c4674556d686955586d6f445050414d68325a766b7a5649666f794c524f645968342b5962416e36486e6638355848774477527a7836506d6d54503847596f2f653370764752364f6c2b57666c723642656d71506533354e435759316e3941755433312b6454335572394d4e535148552f73504b6d63706a68526669756f577730795a576c4f7563584570385a4468327243394b663738637275623239316574314c32705a74765a4372336363363441365261554759486433764c315165352b433142492b5038516c5954714f7930734a6d564563754d3252462b54695376576e774771325a46544f644557476a57374841483531747174563950694c6a453735646f36624d3362325a5a45796f6a57645868714c703161396145327370496d3944426f4b61376857596f556875597432724e716b41346543787a76752f3879716d364833593837314473646d3633643975566f4232647479643645785878305a326f42684f486a4379333237773252587830323953556f4130654d62362b43544e71797531577231554a4656756e573557677462696b504767644f4c6a387634317a7578676e50546d776568342b357131614864432b6b61726c61305179494c7a6965395671704d58584769334e416f655a7143317356572f58476d707a2f69725961756c6348666856472f2b6c4f2f44724e2f71396e764864796c6d7355546b544f414d344857674454674d32414f75426463437077436e417963424a774672675247414e73427059426177416c67504c674b5841457141564f41465944437743576f43465144505142445143446341436f42366f412b594438344335774278674e6a414c71415843775048416355414971414771675a6c41465441446d41354d413659435534424b59444a51415577434a674c6c51426c5143705141453444785142416f4273594278774a6a67544841614741555541534d424559417734466851434577464267434441594b67454841514741414541434f41666f442f59432b51443651422b51436669414879415a386742666f413251426d5941487941445367545167465567423349414c5341615341436667414f7841496d41444567417245412f4541526241444a6741493241593334315046564141446a4457794f486a5863424234414377482f674232416438442f77442b41373446766737384133774e2b427234437667532b414c59432f774f66415a384666674c38436e7743664178384248774966416e34452f4152384137775076416538433777422f424e344733674c65424e3441586764654131344658674665426c344358675265414a34486e674f65425a34422f6741384466776565417034456e6743654278344450676438436a77434c41486542683443486751654143344839674e37414936675a334166634339774135674f7841464f6f4149634139774e33415863436577446267442b4331774f334162634374774333417a63424e7749334144734257344872674f7542613442726761754171344572674375427934444c6755754153344750674e634246774958414273415859444a77506e416530412b6343357743626749334132617878664276482f7566592f787a376e32502f632b782f6a76335073663835396a2f482f7566592f787a376e32502f632b782f6a76335073663835396a2f482f7566592f33776c67444f4134777a674f414d347a67434f4d34446a444f4134417a6a4f4149347a674f4d4d344467444f4d34416a6a4f4134777a674f414d347a67434f4d34446a444f4134417a6a4f4149347a674f4d4d344467444f4d34416a6a4f4134777a674f414d347a67434f4d34446a444f4134417a6a4f414937397a37482f4f66592f7839376e325073636535396a37335073665936397a3748334f66592b7839376e3250752f39446e384b37666158376f4476334a6a713162314373794570633266702f336a47504e316a485664664e692f704a6e4246724e567241316647396c6d646a46376d4c334e4672417a6f61356b57396d74374c637377683568763265762f38532f78766d587265746b34784b576f4f356b4a70624d5750635033587537626755366a596d395042636a6c577a7748664a304f37712f4f4d4c335264664633593675546c4d53693966713270535834503247482b7a2b415a63753074306a5246725a42473358616e7874767137726e7137626a7069444b6a614c7a575a7a32467857782b6f782f6b625777685a685a6b35677257774a5736716c6c694a76495436626b5a7150556a68674e48326f31444b3248466a4a56724d31374552384c5964654655754a764256616567316269362b54324d6e734648597157386657787a37586170353179446c46533538456247436e5957564f5a32646f536a4a357a6d526e73624f78617076594f657a636e3079643236506132586e73664b7a7a466e62426a2b724e68365575784e644637446434487935686c374c4c324256344c36356d31787a6876567a7a583857755939666a6e5246356c384a7a76615a45376750734358597675357664772b3754357249427330597a4975656c575a7644355a694464526a686d62313654504f33746d65324e6d4473596d7a74735a47654250385a76577163474a744855664a4d6c4b5257614231454b2b75506d496b4c4d51625368305a457155753138522f79397036566e2f4c4b2b62696d31387863726157454f744c37592f6f796469313234413334464c4d7131493351704b375864472f2f6454316c743272706d396a4e37426173785732616b6b7965573646765937646a62392f4274724537385856493931624564374f37744a574c734134575a64765a44717a6b6657776e36395438503556334e502f326d442f6134396e4664725037385959387850626770486b5558394c7a49487750783779506154354b5038702b6837516f52616b6e324a4d346f5a356d66324450734f665a343067397033302b6864514c374358324d6e7564323642655a482f4235304832677646446c736a474d3262636a586d2b6873316a3833374f302b31494d3259774e3976612f5833333275377631556d736d646367684c7754713753446e593866323563654b736d394c4e37774a2b5a694f37712f552b65412b78313879396a53645750336c38794955334f562b684a4f4f5a575a325367326c55316a6c30664f446f5166594462454b536c734e4c2f33586e6470715757672b5348454941727a495971784d4d354c676e61445974755a6b564873337a6e6374466c31566e54796754754b7a5a73526e7863666650666763775548333932624e4b70674c79393435344e33503342382f5a787a56454868423639384d4753774a2b6a4b734f3173526458682f70327477315854356c625657537a71422b4e6169344f4b65584d72476b6b72446d51384633697549504263414d304542672b703563357370775a586f6d493275307a2b6e45484b384c373549776f4c6834355468672f4c392b636b4b70707632496952343954436f58305531535539347853523575704c4232617030772b616c41332b34754d4b6a583079374336627961686b7069554e484a766e714a36644e335a516c6c6b316d31536a7864787635495363797461796e4c664d7a697833536c6153785a4b556c654c4f63706f50766d314d2f4f4676787354394a5962572f5a656f706a467a696e50564b2b49746973466b367579546c6e374d6d4f794b342b7a4a446f4d313265464d735a69546e416e3953756363334f6a4f4647316b75743355317347706a474f396d4c6f4f737a2b413353316d76534f6a623266337039736466437234712b3332474e73302f6d3537677361666272634b56707a42754c686b58374b507862474d546d344a327472792b5a35382f6b492b7a3838337059762f32477972366776714d4e577734723346596a586d726c694a42536c49476a57716f4d44786758614a44385743644f52724456686257543550555648624a717276614c56566d555144305661306750556f466973786639356373526835596d717a632f4b484f34654e4b4d7a47334c6f31682f4d497161347a784e73734279394f3764382f56576d3232437847497a3636544478717363555a4448485130785275736355624a695a356b697a65766f597a2b6e6f74535235586b73647036566f633538684d547370776d4c7547574a776538613977372b7a2b516133426650566c5a32727a5a55364f7a566479624c3653592f4f56484a7576354e68384a574f2b3772566c7354355a5a6f786f65334a7975716d54393975655535556559735846735465313444486e7146367a6b69794b3374754b736a6d69384935577258526163584850472f6e66786978664f446b7261673347622b374377706778526b30484c533566526c714f7934495a4b6465386a79566e597243547a4136504f396e6a6a4476346b646c6d4e68727859626862544559576a5a75486a5337732b486f783770334671644e5437306c5657577a304c445a3646687339693432657855625064754f4837766a75505476646647713859365a526a4a6b58424769735177625039577a586e42696158466f61424730624e773962584e6e706f73397837757a55394779584a634f53494c7159594447384a565873626135454c7a4f6f6c3775596d37726e6a6e5850486575654f395939643678376276466271537a4f5074506479514f78313555585043753735396c756e326b535754307634754576594b7958394d4a563471574b4f2f6859616e2b4c4b79644e644a572f414965683075564a6a73507264626673377634623470795a4e4c4f6d414e366f73657731306565676f323763386e474b6266446731494b432b45467061526d784b6336496a53456a4e6f614d32426779596d504945427579542b3651684954344e4965595a627634514d4834654a534b54304f52654c454b724874504d463073536536494b6d746171713067626367676b3764666c546555464e4c57706267344b58575573784154384570736759593643783039796a6e7132494c43516d6568574c57673636687470423171354c446c39504e455661692b33482f596979706d4c35555863687961326b5361416861584e7a30314f396d6964425771566e6557793933485a5657364a6e4b3875756c70766d547a41452b4c6233427557687866612b516272526e652f50516c646b3979777147335975482b53387a785a7456676a6a66686b4c797978332f724d626b4a4766303842343558622b317a544c6f314c6a6e4c6a545759324c31586254426d737772656a39366238643266377241372b4a547873636e573242486a4249323153522f6671517749426f59476b313138797443676b302f4e485a6f374e4d47544a757036784f52374841377867536f6573514b6533636f5173514c6250647265324c4d395063597534767673547677306e6a446f667436586a5754785044396f646670473870464261774b663468542f75547865714a484f6b63365573654a77474f38783971394f366554394f347a48696263574a2b7465707a6864413447356a72324f7657495259625236535a5452383170336a42776b2f76664d566d64384a382f6632617131326c383075374e566139636f476f36326f6d58787a714e32494e61305048707942686e6b31555a33344342544c47317978785a595849707556782b54326c4379396f613534356364507962566172416b5742494c5a367959584453334a48666f7a45564c573259576a6c6c30555533672b4b6c6a6b3030475254565a7a64614330726d6a523877596c6a473065764853786457462f49545a577871477076687930764b3875417a4e4f6633386655624f4b42773562637951776e45314b365a586e586263514875364e396e715445744f796b794f792f526e5a5132656b44646932746968686364577278426e7478316e392b765961546d7354547644306f4a596f44536e6d50636434737779785861614b626254544c48464e3856326d696d32364361786a5a7a64652b35466e744f554a493778724b6f4537526766696b5074613231364877383448684e7a4844566c4a576c6e74315a456e4e314444783363505a73675777594a32684879756e597658534c50504b6a597661576570643161326e6d392f3771656c337142785a6d5a6e4579334f6b4b6b4733414b487342506b306e4d79385a524c4a57736a4549636c7147346347576e37557473394f777a4c7454755a46345143346b534574503274535932476a33375770476c586261796e2f356574367835474a6255377853727252366f61483971383335586271364c4f3973664f624d3030692b30716657694335733331673551764f632f7333463856725a3663335a5732566b50623568352f734c5242373459306e533557416652763054306277414c7935674448585046495a52495a6e455a2f784452772f6532787237666d78624b75414839664a5a69426e45784270507a4d2f3752716f554a33376661476b3139763238314c65774a4550365636434452594c6161446e34697871416b6d61316d41394c6d726a712b30477931714b6f462b6b702b4739354751326c5368744e4d343845316d5a53556272643050574e325a4351373078456433474a327047736a77382f6e5832466b666a5a4447356e524b5561576c476d31656c696d78376a503655773137506331707259636675584c59646d64786e32744b4f4d7a37472f5653683132315a742b36715a50556236793237744f3573744e43574951436161754379334a654831772f32423539746e743674753576713464466b633634686e3076635a436737576f5432646e5a6366367a69734e2b626a68632b6b4d5a4970725237796a79646969336458694a646d75705837306b713755546d63384d63376c5330763375537970636b62566230796b544c4831563937456b394c594d4870534d7037457a4c596d56796450374441736c4c6576654b4b747953433830566244776b4d58722b6b6f39363779707350653558586c59744e6f7a2b624c784d346f7938586f3147666b30772b63626b595970343356324952314b6d4b4c5251393244484150374a76577962754463546d326776694241334f47785975556b2b554d62787959596c577a3868757a57687774326c526f4e357534484438596d6f5372454b636956672f6e6f726141527861584e2b47523936444a39442f6567796c7559354d35325a6561376b73794b31336e47667a39454c2f48715631584b75596b583371364e386d636e396271485a434e5337432f6751394e534d2f756e396d636e6e746f7a7463654f437368515458466d645231423837743854365a34784d58344d4668796c4e392f6f75394c34467671736f656675396c33394f6d5337712f307449317043396471475674364272735a6c7061466c6e534a47304461524b536c464a307042524256503634414d36347a65434f79347767792b4367676c495a4e335151526478474842535845564648455a586c4f2f652b39394b304c422f366654502f6d666b6c7033323579376e6e6e753265632b3937615a7158714b42486f652b544158304937674a394642486c68494f31695a794b33577253356b63566f772b685a6f33486a71784a7a6f38364f6e3538664e6b4a354a32734e7241626c34462f464c377849656a694941346d30666e6a6f343636415a4d754f2b486d634a457173444f5868656b694f39736f794d67345a39654b584679534b6f69506a34735468415763753653786f354f54306d506c676c5a4e4a6d4d7537755164446c77386364364b5755784b535a307061637a6f644f304d7565534c574f6279387656724a6a55554a75676b6f415342544b33344a712b794950464d5930675a4c36656e5a4656336d6f746271777131696e536d504f657a7841547172786b543868504f2f4347684148316e674f58736c395170595346784f5845747135637056505332724f4b73596e554b2b7377746f575a326b4b707957646d6b4831497152506b6434445a5232326b646f364e3034452b717a534958484562666d49337a38756b335544622b45436468704b584e5a586973796c3257502b6b484e783675512b4f33754855694e426753727776352f434362656766447371373455724d75645770387835726d6f726c314a56714a694b4a6776537647564e736d6a4b6b72546375766e6a6c375a6b3165385a5658312b5a5a4b30787133432b547948496e576f7579797731365138334d4f544e72444754323147436a49546f7057617651786d706a556d4a6b4b526b7063626e6a7333496e466f7a4f4b3671796d63746455334f3163516b61794c786158574b554e44456c4d585a305555722b4a474e32546d486c484c54696b38472f4a6f462f306351344842634a49626a546c6a694e5541747265307553513937464a632f42723539484f564f5968447132756e4850554d3455587a686c54744b6f7a33776f693035505345794468506b68483736705435477442652b4f546a3831454c4c364e5843576934627a6e515146412f442b6562443775307655545751525a63525465412b654e6e6b3871556771517875344d7252374c6b4f3775444b306f793544753769796e6551506b45344c7a68354732344d436274745177473062437267395967473358536a5951636e4c35627230616b565a64704a516e59632b564b57665772794446473552313476716b4f5377696e424d5958646d6233423737544b38785a627a412f566f3546613366716f616a643371786f4f52636d425a6a5967774a577838596230694c6a34554b65466f7a586b473970785377563253714f515964462b6735765a5a397456744f595874743878745846347569556d4449426f7465374469563557547035636d784261336d744d6e6c6c646e4a306a5a39434c7472572b745837363550626a7a32707171436b724248786850567a57335457692f7572787977446b784f712f43424c612f48584c6951344b58494c6173784c485756304a6d616267646c595a544562782f68666662476d374c70646c426e6979504a737031734331443232714352687530524667656f38746c2b564f7a4e4c47304a526170446c59473273514d386e7463724c504e2b52685237683743314c4f6f595773497278464a31446c704c42626675684654443146696d5651616e35495a6d3843556a4d755152724d6e44334630636e7863696c5979326a79754c4557566e706d6946417049515874636170524d4a705047474f744b54322b534b715243495678677536615151654252534a655072637a57434b52797555796442423558537a31504c524648455a6c45435445546165554a57554c4a546e49364f4e5559387670796256526164344a4d6b4c4d70626d48686e637167494d443553426e32455567384f4e6e6f4d464a637a695a3333454a6c345a31756a4d6a3551786e3242354b375233564a376a43326c4671536b4234567078455832435a4d6d565757534a766e546a5a5a63795361784a6959524b31345655354e546d5a786d6b615a577069566154465348796c56516b677535674a5451614e72516e57674d543872697a534b70454b42514367566e576b3247756e69696f7a4d36704c302f42495541397a55792b522b5552497868716847456d385a6c5569416c64764b6c596e79776579466f7a537871623759774a42467678364d786c4b71737557443771482b5337446a574a51375753734b7966325555434b534b6a5378555a706b4f694e4f7047574653636a49694e666e5a57586f314f6c78456945706644314b447746514c464c6f63314c4f624153786845673253712b4556303161547278554b42577234776d4b6c4a38395162346e6d674f37704678694e4a4a6a6d326830557232324768682f2f3158676437746f64446d7541364f4a37373861786d614a494974547532376b5863476e4a65697558484b304a497155786d596b4a32584553745779684a793074467739624e647a30394a79456d526b44787961684f6a6b4a5069544d6c6f704569756a6c442b567065636e77643479507a313954494a436b54414752624e6a5a342b526a77766e596734765933662f635a5144516d387356625a646f6330446669457076662b71647044662b3239486a65564a4b4e6b6b6f76597770724d4678526469657231456b7851626c3651566b31466958575a7930696a4973724b347a4a546b7248695a4c4434724f53557a546b61576f454f3441433755576156574c6849704e4d705464457132587148515a36656b3543544935516b3577504f4e67673771446c465075466154736d71304e6144566659565971306e6c75493630757139776d4659356669516a57754a6971655669625878307446346a6a706648704d6644506b46476e726c75574275544a566a4a713556386a532b644d51317630326f4a516b743045444f467334514e684954514550467773736f6d4375434950706d6f4952714a4e6d497530556c34695635694b566d484d34696e71637664347235733864555472733778425131426570346a307947747256505745655756776b6f7455787854374c3436364b69724c43367572484d4572335a4c6b71646671552b65366c2f5573476a4b6b6d757172796d6337786e72535a77354a33564f744c5531727055614e306b38535a356e5642735858654f5a307a724a614a7a554f73647a7a534a4a566b66377143796959462f427671683432466e6756315352646c2f687853386b476848396330616731586a5a4c2b4f764844623742596b2f6c305673356f78524a63564668646e63753435376a2b66652b58374a69507249393548396b726a683964456a3650507a43643567696f755a64656a79665a4770794a534a536d644b432b48312b794b54715969796f757670524e52414c512f686e763444553178596d456d61696f744e354a395235356b7230665637684c304f6c5153337759574232706d33696f704d483043462f44555557684731712b4243506c315955484b36466b7272476161596f6a6d6b4d78496f664971477656334d464275686350597373596261543030586655534a3054637551715264512b326a7a4b4b506943542b464b72615163346f5638624969426a526f456f564a527a55373642576249344b444a314333786a556e683745747746556f6b4533344f694667323465612b51704e4261744c696a41766c3038644738676a6a4c4c6f38353866566172556d6e50706d5a6e7053596d6b6f346f7557686a53747268755053555557634f715855364e62556e4c535946383779503149732b413536664967684f4272506f63366a763475717643543451665172313356696d617369593430544869537243772b37444a354454743257614d6b32717842336b6465557151715570306854466c3232656b436a4b3355477433424b2f57525163646b4d4d684479473939374863467242364c6c6c6d393363674732692b4d317547444c73546c636f304754424f515835513178384b7553567362446c706e414c473376676d424962673542515068576a6441706f314c673869335038684e6e4a616a6931785373536c59713062435a6c66473138566c46535a7533347a4e46545a6f354e4b6a466d4b7554534f475738496d62536d4c456c38646d46795a6c547834305762436d624d54457453537456612b4f694b6d436a717458497878636e5a71636d4b714f7953693466573977304e6c6d7130636e6c6354475661704569705351724d537374416672475467586443616d584b537632687a397a2f6f4439677a415148667a394676414872517a6662526e6b4874634d7173446157374948786637517378723036437a6b4746465a69594e686a3266415351422f6d7a68373041306a526a79624963392f397957326943396d784f496a2b3351346e59724f394771536b74546b4370464d4a4243494a4b497a622f384956317a386b5453494a48427955326a6931424b646e6e706172354e6f347257614f49316b7231537056327631617646526954616539586e6b54354242387469635235417a43546d68425138574266414e444754324a2f6b473968344765653439444c31596d36534c5474574b786472556142316b4e2b717753494b324e4841384f7347584f4a324376784b4a3744324d7a524a794a7a6b44736b51634b4a456356506e5a65786a483975464a6f584762696753562b666c37474754596e5a797757786c6b50426d4c4a555a3657614e4a6b6d7153596f414a6b656974307747514d347254773773634935675076453649386351387a4d65594250534850786d4d484c305247535849534d5a34685341314235565341314542724937515459786a6864706a685a6a4a6b764e6868742b2f474e4b57674c754e4c386a5178597938666145723076473338515566534c514a73626f6b7465517a55675a47303861705a6552374a436e523671465649306e565663665443567278693449446b756a59684f69706370315352683042346541462b69342f2f5a52414c4b494551724551796e74433751635459344645314f6c764b4656306f6b5973556b617051424f6331784f6a2b444f6d474c78386d7a354b4844325967674b5a4d7343664d55386a713277547030515075766d655966646c772b35485a4951664d696b724c436e52506c45554d6b715536445859356f4b62536f5855614a465554496b65314d52724a4b6437516d7a65434c367167544f78534b5456442f76755a6958694c776c665a737867774650502f6b6c794538564976694d456848517a6249634b6968695449443032765a706164506f4779586364654e537558775a6b32336e67774569677369344b2f554d676d504c7a5156675342672f2f532b4148466b516435344842632b43486934463458426738642b6b67616554676d7947516d762b6c384e562f503869572f42764374786347655673454976426641687644515548394730464c42434c773377334b6579345a486c622b6845416c774b425136634c675964586d4345516741684749514151697749493667344e5a4748366e79527747775168454941495269454145496843422f33675969454145496843424345516741684749514151694549454952434143455968414243495167516845494149522b432b41745247495141542b5577442f4864775961685263426168496158474c41502b5671787258554a6b69314d4a4e58466c415a417166346372434d4277526f52662b6a53754c77396f6c78434c686a31785a5375534a7275484b4d6f4b574448426c4f625568684b386757695833636d556c6b536335795a56566172475535314e4e544155633769384153566c63446c636d43556d38695374546845532f6a43734c434c312b4656635768754749434b562b413163576837564c69504836783769796c49694e4b2b444b4d6b4b722f34517279386d6d454c3643794e642f7a35575652477a434b4b36736b67675353726d796d68674e4f414b43464d7141755769526a79757a656d624c724a375a4d71746e7469774d773248317a4a6246596532736e746b79713265327a4f715a4c624e365a7375736e746b797132653272464c72365846636d64587a7777524e4642494d2f4a716756492b2f6c64745065496b412f48595151576972774e396d7a6e366e75513161584644794545626f4d524e75414a7177516c736e305156394156787a7772735473426642315147594b714957537533513469523641614d5271446d425267765268307330555165552b344275443537524461564f7a416b4e763137386665442b30427830694765474b494a535671685753686a772f44616734414e63477561317754794968703159774f464f68566f58744b4c6548754176454a4b6e425838726551427a6343462b4f7241656147494b314e7568423758617342614779386a5338584b53306e69574875693159336c353766624357443975365145734239596144653164754b32657341425053447375504d364439546f656a3364694443665244584d694c5476776c655934346e4670334237414e6e55424c377a31687552412f5548677767556a413643464369794e4330766943736c6867393975474d4679794d706a773350516e4b316451424652745145656f7455487456346f42624564305066647430505a6a586e795931306765644833365864796d6d4b704272464d374a77654c4a4564632b7242737753776e537a594b68335159735066352b37484d744c346e6257464338764536694b41765349415647326376794b4c2b62683266705a756f4f50472b76467858487167705276507974494d5945304e6359426d3947465a2b4f2f375a33584c38753747586f4d386f59767a584d51562b6d35373944384467726a6d7762626d2f5a72564754734c613063504a3563583637596459773578484334523074706950493656656748556a586a74686c737a47315072786854367342353675465561726d2f652b7a79634a795035576276347354667750757245746b61653677744a772f4c59796545456f4c61456f7834454b56674c4c51705a79595a39424b3241376d4679385a484844707a5938507832626e346a6a6936643246616f353978344e653463715673357a2b4539667978514b59547268543039694f643059453945737977493257426f5a5a34624a7a7335762f6146734a486e73686233414c34542b38362f4a74374b49784833507962693167456e6469494872374a637270386d617242586544466e51514155723859524251414f7246733073767363377a4679506c63413554377351353359693542742b7141562f56635456736338565a616d472f4f414f4f6a41334c4a786a7156315068384e59442f3359646c5a4c66446a6b46566e34446e59534e4f484e6331714a6869794e6f2f4e78775537463776524b6a646748534138482b635634584861682f5871346549445338584a3157316354486269694f4c4345724c6374574d2b6543755074466951473848366a2f2b636c6f365144495a4c69675273566e42676e516135374d4f7554335a65513269656b524b77556253582b2b386f585266515753386e715175764e446465552b7a4b5031663361417962575849415033655942352b664f7376444c3956742b507067737a764e3565636774707839574a34634b63465156687a4a312f677748304353734c4b777577552b567670444f7738487a7230654845647346355355395433624d4b39693434475875374a5373655565764637592b4f544165637a467852615744734a30342b682f5952396c6f3769487338775164583646754d4a324656303433726b3450614f6f72734c7830736e4a774f38776543305039326f44746f774e6c7830457637386147656447726f53634558484269654e304c393552754c44316b5656743049593031416b596646384252335075694e695a793633656f5767787442766775666b3532656b537377476450494a4748552b4454676c354d2f727651367964654b3968647964754c6f734d656666464d687a766c52664f637368795461475645776a62693744325a72334179633346526d77505a3363446c746e505a52392b58384875697a6f354f2f4e2b7a5071566a39767673444e34386237626875586b50635647444758356b6648736e32434c6b495a735748616b4e786358367833635772567a65323050356a55385a377277626a7941665a506a38634b3268584c7a384477503173344e3035456a37495151766834756d523478644b7268736338663351776a6f6875762b35476a3366685534426f684e382f5830423573614e554d5a534c6568676143503532685578686664345a3569412b6676397a59333772434d697a4c6454766d78636c6c717036514c634e6a43577644417337694162784b334345652b485539334a637558617668475a36564d6a7a544450667049553330596a31322f30493738746d674235387557633034777a6877344375616330677638774844487059376768654a78327a6b6432414a2b497733626c67555a33646a69334435664c747544383452664a594a50352f7865654a384d5758347141434f46617974326a6d357a35397a625265777144386b66514237715164545a31665275536666582b6f42664836724a61707762794e5244625532794a5a5733474b424e687169714256365771465743613256304a494e474d3163667a61325642764f513757414e77336e4f4a61474661344e554a2b425931773151654d36716c304f2b413141433432744971626a4f617141576a504774474c6139644261422b395648423461555145743036434f796a553443724c7a4e63416f396778683458496979326b4c744e4d684359647a5a63457a38707a565138304b39477535586a5051746d423669483830667a55754e345434724f59344e574d64496371495a675677564964727148556176446342586a4f653334786c5a726c7477444a55517a38725378586d414d31733547526c385a422b57726b655a435045587833416b46526d72494e617a4d32512f69726776516b34522f52726f4c63465a34684747466d4a4a573347327176696449616b72634f3149616c5953315667615a42576b5134716f567750767a556833566e786c655846476b5a74754f376163503851466975666d627457594d3031346870726a51706361384732517230477a705a574c4d6649576475774a315a684c444f5775446e6b4964585965316e756565396b3532674d3434536444396b326e426665712b6d4c724247574374382f6a62503075587042576a646a6e53432b6d6b4d7a58346779724d324836554b6d30455458752b782b6238446245615172764836663132384c757277654932313275326d7271374d72474b43747a6f445476386a704d4b70716e65312b5a792f6436484e36577670385472724f3175667443644a756236664c54747539766a342f476b456a796b77526e5958655367323031656232646447314e6f2f646131384172564f39585236367473635251504f30644c6b4374447563546f6658543039787462746464707562356d59454843394d53676538505836376b306273397472385472724834334436365743586b363633744e42314c7276544533434f70774e4f4a2b3373626e63364845344837575a626159637a595065376645673850496644476253353341476a71734c6d64725837585767534739337442596f776b63305441444a2b56776664596574327566766f586c657769773730744166645474727668596c646e6b3767436c43447a6d34593658474142767765707a39677043314275734e70432f62346e5148613777517858454759777834773049467547796a5762764e4247513370376e45485854346736656e7064766f424d2b414d5967494232756633676a6b517530446437666232306c3267586472563762505a6737544c51776552736f457a47414a43656d41756277666437757245684e6d4a6773374651526a73577541303070795932514736322b62706f2b303959464f576236512f44326a5a62774e5a2f4b344155716e54316b33332b4e4130514c455457674b754a59416539494a41693542494e686f73304d334f68627a48336d587a41324e4f76394871374f7878322f776878787248547a304f4f55524a4b36674932574373735844734d4e55482f5461487339766d5834446b7744594e7557596e614e79486d753165454e2f6a6367614d645433324846736746387849312f6939336d42584d4f674c6a43736f63486a7441574d3350394949417771436654357670392f6d362b6f72734c57446f7946557748543332473242447138484641355951354d46656e772b74777338422f555a36526e65487442594839304450685245336f71616b534c73594e7167303041375841456665444272554a2f6642623132514848437577334d3650523375344a42494e6665683658692f5246554258376a39664f46446a534434567a5a775138635066616741626e6a49686872514750344363412b76563075653163595a3730777163746a642f654138773978372f5741702b533463746c314559594f464337474c62754d774e6642376f47673332566e485a4b664150736854327338316b434f433261424e59466969522b7448496533312b503232687a447457646a5651576542654b412b5643684a2b69444d4f4277496a455254706654375275755551684d344c73734f6a4b4943362b544c6c65374b3467436c4b6f46574f37776f745743574f5a5562614462625148673165734a6851726543446d634c7a6739786c3758417066503658445a6a46352f5a7747714651446d5843366f35494a35735676674e5944496e44384b6e693936766335683143474d41306a4e383730674531494e72435533524461733775467845716c79574b5255715a715163514a34385944636f41496e6a414c4842733034444853484836496557694b77454474425a71526a3042565946496254336e61496468366b4642754f314c796658626f5569434662494f433175327a495032436451636a79424731735148573551544d35694f497761656c6d4c6c5166794d55634f5841305a4f3177586a77635a31467a6d4c735a4f48644433505064626866344b5473336f75566e5578584d674263526b74434159726d724137303773554a38505342516f41737657434464336f4d5762774131636c3443456861413441456e437446656e34754e7142646b6c5633774d4357376144684e59795a3675377a64463545524c594d65767765596357494344692f45554d7a4c664b6339794476596b422b44387a7463654f474e59313063777467695a316a4739586944614d6d7777647a464c575057553769755142664b422b334f595376584669616f483030664349497a756342456f63787a4d51576739565a6252546333567265306d613156744b575a62724932746c6f717179727062484d7a314c4d4e644a756c70625a785767734e47465a7a5138734d757247614e6a664d6f432b334e465161364b727054646171356d613630557062367076714c4658515a6d6d6f714a745761576d6f6f61664175495a47534f775757496c41744b575252684e79704378567a596859665a57316f68617135696d574f6b764c44414e6462576c70514453726761695a626a4a6257797756302b724d567270706d72577073626b4b7071384573673257686d6f727a464a565839585141696d334164726f716c616f304d323135726f36504a5635476e4276786678564e44624e73467071616c766f327361367969706f6e4649466e4a6d6e31465778553446514658566d53373242726a54586d327571384b68476f474c46614278336262565675416e6d4d384e505259756c7351474a5564485930474b467167476b744c614568725a5a6d71734d744e6c716155594b71625932416e6d6b54686a5269496e41754959716c6770534e54334d496f434336744f6171345a3471617779317747745a6a5134484e6d6f696a7758694477582b426d366a5477582b4f63394635446a3338697a67662f4d5a774f7339534c5042794c5042794c5042794c5042305a473838677a6775485043486a74524a3454524a3454524a34542f4e73394a3443314b57412f755839575436776b7a76656975452f6b4532514f76466669542f5a66374a55732b4c56535351494f36623555664a554b34322b365648794e42754e2f65366e3457693343707936375650796f4b49782f3961586936335341442b38452b6773464963595845756776455a4c686d6756614c69415369556b517879714a596d494f614e39424e4a434a784378794e64456c6d456f455947512f594b3461515750315257685967455972304c41446a59564134326f5965514e67336a716342706b61526b4d4e4e4a4b42526837517541786f4e414b4e3255426a41644259416a525777736a3167506e624554536543714f684152717051474d4d304a67414e4b616845794c514341434e3555446a4a686a354f3844634f4a77473551696a6f5155614e4e426767455935304a67464e4259416a617541786d71676354754d664151777477796e495967506f7845464e4559426a534b6755516b30304f6e51447a535741343331514f4d2b474c6d4e51503958437678584b69536c34712f362b2b476e2f36767753722b554a4b584366753646656b52632b5375706c4a544b392b783541463633333437487a4c753576357a57336a78504b694b6b34704d302b354b4b534b6c454b6c3238436c364c78514a534c447a635034497730533851414f454e477a6238496a356b7046547862502b7a2f66634372414e5942584268666d5169556762383841774a5362466f30323545534561534d6e34477a4a454d63595452542f617a584a774d3155364f484145313642507a6c5a4d794f536c54376f6258506558336c4e2b4b595455414a75426231642f766b3070582b575153516959356f2b5665636a45706c7771467775447161362b39646e56514969516c4847763963704b5369304b3839517546704678384d377a776b464d385036666b496c492b7842364d497556442f50556a5a456d6f646b7175494f577133664e327a774d704e39784333304c6641484174414b6143654a796e52557a4b4a595263476d4a5371784354364e38626e35644e42556b706544593550685759547a7a6f56482b49306148364b57346771516a6a74422f314437454b2b4370536f646d74333633666b4c4d68352b62616d32755238565a4956306748704a6a55346d76372b38735a594f766178516f4a6f51686a563675556b456f5a42613978315150777168364858594e6a7546394a55737151305469576c524c454d683533426c6e77464c7273506a505567432b3764797370474c733737495577704748314d306f3171645165546a36632f4e57457678674f75512b3558366837355a5842315839657655653552346e7054656a5976667677346d533157507a4b59715755554d724f366f64654b696d706b6776674e62357a443370316a736675632b67775231394655616f77426f6a64753056695569563942623177354f586a4d73704c6c4d50743665544b78674262626b566c73392f576271444e2f6d36506761376f3837734e64493354757742662f5844314f36474d486f4959364470623050507a734445504a4f594466744f587758734d79314a36487a4f5133694f573561327358666d3969705251477762534f3643706e534a4a6b345a526957587a56746153546f4751496b5545733141737a786554516e4b676c434b46472b794d6a544745745354666d397166444d455751535065736e767849526f64385359685945776a43417270536970756d365a6b38327262727036646c6438656e337262687963714c586e4c6276726a2f7366583232625566724268514447664752422b7777774933746b676f45694b3068564230724a2b65502f6a682b392f2f683738502f6d45566b53576b344255414a2f586d42534d544379594a68547271476e4e4a683054685370536e627a4e4675687965547144586f394a793668526f30516e73546f64335636507735544b4a4b4d5775533732764239484d4f5577576168666f45734c3733633436575a584a33366f315652687067744253435931586c566f5973715951744e6c68574e4e70544f68576768564531646c677638552f72682b775158366d514679564c696951502b4341564a44514c7563476f434e776259625474784f3344707a386e743350336e35352f374a6e653536662f37637665716e6d68363755376c47364833787047764c6b626b74743377384a32317766657673315561663467726a314b596c3332305a634c6e65666e2f5433723939664769614b646a3630756f695565637155366d324a447470556d614d7265364634424f7232735a56796e6451502f79743663514b3235655054314a613133787a384d654731742b585057735a2b50337470646c724f7959752f2f305654323966456d6a632f2f65546b3774766531785a6330564e3363535064743332644d4c5731756e614a646d7a58416e2f73462b584a707267506e333838354e765031363459754d377a39317a5a55586670686e725868783161503952756d74713374473964332f615a6d76395a4f4452562b326a6a6e6e6176515850443751664637366e6f613478544a7a323138357578547037376c5666332f61492f6b54583679644b3978796675482f79473970544c336276763039484357434a334464414c67534e64444d363047584b614b47536b59756c344f49696b55516759464a516f316f594a34795a2b6c6a437262386165446841645279615a582f374966565474692f74544176716a684c574d3566666232467154474f59664751516853357a7943415776394f4e6e7041312b70797357514a304858714b3648535934706759684337537151714c4373744b79764b4c783559576c35597761596871686c44507850584848443031393671646f346a70482f6b62746e32624873776f504872384d6159564961514a47786d5965494e6c5138334b4b7536427374337648764570424e384346326f74344a376e427771414d2f42683847427733726e496563637770574f5973555a41596d62796b704f6b734947705936627964595a614f596d626f726533393378544f5030587052316b6c49686e324936654656494d4d574c39437041334c7670347952584252774c50332f664834716f4734387774357666716231697774653242705431664b484e33666a687833666569647a395a4f79506d2b453033566a393856662f75355873507a66744c5a6c6e6d717646373170705333336a713169644c6668676a507272303550785666553865575a5137327643506a782f4b3233503235734e5072766e697246503759656b4448372b353975414d526d6e5a3863696449746e423243394d54783259335872713770493152332f33336353585a6d61765037556930786a64356f782b51396a3459784e39634f4e6276546365437771627471385a764f576d42744e4e6e386463552f506d5434666a54766a6d7a6e777472542f2b78755a662f574d52386378394a785a666566547a61362b7176662f35522f362b636164456e506a703576334833336e756d382b2f727975642b455863427a4d635432512f652b4e2b3763497a326338395576473752376139306d5835784f64634e37566f4d454639374f2b4e3779584d576e69494752443749504a4e5a364f65334b6130317547494c52675a374a61742b7164456b304b4759614e4a376c432f316573464a4c437471384e6c74775764744c6b6e324f583175344a396f62674831314a6d624346547a4c4278723453746c7144712f3370632f723946774d2f556a71612b7a6d32445230374c694c7266726e76732b3961757a79735076666238394d614848316830645866566e773655336272312f745166666e414f6642542f2b6b326e4b2b2b53667570632b367068327257376669553959737a66614d37582f2f4865797a3257756757786b722f75662f323536314d587274753362656e6c57782b58486e706c316345463865764772583031612f4958523838552f3662747a5a545a6c684e5035426e66584c467a787553544e322f4e587835384b582f4c2b4f6f6a583156626e6f337661486b782b656d5577576e74626636546e552b4f706f762f4f767642423962506554536e66392b62542f7a32593845322b34456e596c3534396f55627375517a6c6b712b4f4b732b316839645568663934445057576438392b4d37684778573176516458314c797066584c7670343938656550384d614972352b33646d6a6672726f7a6b75565648456d4e53766155764a7854317a372b2b2f723735486662466139396b586c7566786b66414936435244786974574d626c396c6853434635496849572f38386168684e43414745716f544a584451523764757173677a4977436a645149455a6d566a436130396b574d414e3647526267335437532b664e4f6e3931375a3372562f347271625a3733313668333677662f584341642b4331344c7a7370466f62466a436f762b663057344339414f4d737675526b7a54776d58726d5757334d73747543696e484b4743574c574d6d386c4e525a4a7a70676c4d315857374248795972714768714c6e41344f327739377143784b396a4e6c496547553078786169476451745152364339593062335275555154336e7168753531395547766d37764937513838366a48544b4f544558444a7759504e37576d487656594e794b78547561446f77364a627637735946666e79772b6d3266343966726f6a7a2f6139647175745338634b58373433575537336b736c6e6e6d3978507634783076373176642b544c3378396438503757744954624c642b397a4d6a4d5376566d397376364b715533706b386f54557453655a466645766c4a552f2b4a5a365333727578772f6334316f396175307277643938636b394e7854664e6a2b33574d4b366c5a313466545864376251632b6b4c7a3574703877754659756d6e6a4675772b573162355961757557764e2b6338504a444232335037667262386b6331687866637566376772334b7532485439314376757638503977682f547069617158512b2f3964367a312b79332b42375a2f7675642f6870372f49385048727a33775a5666624e5257336d6e662f6f5472657647667131637530552f2b39506d55394465762b6f484b47504f382b6556644b58557678423366664e665355364d7574397a6769543379344e4a46732f59333939327934753433583339335971446b4878502b30504b457457622b376b643036313966452f584f375a317a436c662f564c70692f3373394b2b363662752f4d7468585037587066646450714f3866386665755872325566324462483965503963554c796f637a4f774776316a64762f4b6d7239395a4c765037505766397372616c797839354469367a584870736a3271785964795768645043707237444d76625637746553546c6f785876314253313333542f693763557a56325957763734623577766a7670305376726f47354c487a4875373948727a39586c786d72647345395a317a624d655031687a2b34622b3869396a6c2f564f75757477737a36784b6557793958656d6468547073737669463138333974574750584f662b4735695466503277782b2f7137424e7a48767256734f7270544d6e6c553878335a2b6d6c543758657465757a4e6c5855486650373373392f7341377a36356249376c71394d4c4b5238587a6a37367839344f4d4f32377265643430454f7469426d4b6473506c6e7747332f6c3850314262663659536549446373326f6244444f624a4d59464b47483147416b3647617771526d776e746a6d594b6867554c544b4347646d716664314636386a566c62557254356a6975644b3434635039332f784238465055747554453165396f6646397a4b5659634f567072464d385961592f75687a50354a7854334a2f4976394a304e357a317653494443516349496e48596f38742f6b51762b476c767861764c376f31363576525433393237627532302b3272766d505073736358565336575466767470644f38482b7a5a5063356958664c487735634b4b2b5739502f706171563257654674636e69517a37552b59742f485a6e7a2f515a7070715847676f626c3566536d782b4e54684558336e2f6b667837594e576e48374f6a3972726647624c2f363961694d2f52734e5a3564652b30485a6b5a6b3144574e6d2f796c762b57656e4a6d312b5951306c2b65334436372b73384d2b2f4d7658627964737a633335613148756f64724f6b4d75715468687475394f6c576276724c573932505351344b563161632f71683134364d48376c6b74663748673566654e307646334c3151332f765455393048642f35674f4c433466764d76787a7362464c2b6f3769473947755a38357139792f394d72742b35545638584e75767636397a737a6d42532f646b5a77306438346648507331332f3270396443653364376577322f743645773963633941394e664d515053786b486f46417449304550302b744c3039374777612f582f614e664e34714e592f6a70735a797778334b4a497430316769584f59637537696952676c5a4d6c465a4a31487947784a4635544a6e534a61557061776c79396a6952736b6b576472497674324c4b457559464c7159754c4c666f2b3271322f33645033362f2b2b7033372b76337a336d64357a6e502b62374f382f3265352f4e3833392f585577743356534552714e2b7a4b5132786d35506e517a68587758684b51784268332b7242443354672f2f6d393661433933436a45467a6a5576506338702f6f494c6866793631327174454949336b4d356e6232685a69582f344a4952536c76614e67374a535a3658454c35764b437967444d417342395063386755456c4542317a5830414f78574a6d45794266714a444c5144552b4a6573476a6c413968314c72446955753449687a492f422b354548667065726b77636f4130692f4779704f4f6b52655068464a737254454731696162744c55307442584e464252553163454e57415933514249765675493633347a53584b6c4f43746165704d70522f43573730373670744234695841654f6755546550647642493577354d4b50527874326c592b384c584134667036552b76306c546e672f4d3553412b42652f2b44502b426b46565547733557752f3457785545337a662f63544836303854324a6b68643138797171702f5970614b4c695a68536f2b39726f45386f626e45326952683647463566644b766a696f4c7a6c635a2b2b314b52637635497333344f496e3167673330422f7a6d72304366666c6732686b454b4a56524a5849693161424a756b32757243646471753170436f5871394e4a696e4b3765367a326b65703875544252385046776f6b4c387434347a626b4c65694f7133674538437745505a524a717542306c634577457636477249486d49454a74546b6b6b783570434554706a37416656524f2b6a4d6966334e717266646367396474634f59334733454655526d4f696f543357775848693778326861653176594d69592b34734332575570552f556b4d7a69536e49754b5570484d505946727677346c5747522f5277556f5861614d6661464a5837673445522f656a346765545675557a556a3256576b636c56455634767a584f79394d5636757a564c50714b39474f77526f5256706246595337733274624b472b784766486c4448482f4a704879746337665a714e4f6d327944514d6a583238393562644e72464c6c304c37546c4e332f6154594b78772b4f3369644d445036337374452f7350303562332b687549482b456f514c7173616a6b7a5a785a496161487a4f544a5863496a556c6e624e77365064535677755272585a7663303639726839727448313333584b3564763133547155424d58644c4a56504a70684a4d62517750643152666a4b626a457147504648466e69464f6835784170526d4771363647467a5271685938664b725374624d574c504d334f513147586668456d4d694f6a6a397164516a6a5a6447795a75525a35556f7638694f4e45377a684e6b344762475762464478712b353055382f6e58686c4655497662755354464a56314364536c316f526d42745849524238735567397a32714d51375942626c6d357743313749574e304e5a644a6e773956474e4b65366869514e59787a566747445862342b644f7934366666596f396f7a705669374b72634271494b364b502b383357714847533246316b426b636e4844426a59647657744a68495578706357774f396941496d6a4f7a625038455137676d4c3339345045493642354e39434f504a76414f47674d7169697271623241634c68707570793879744c38353870565934347474526e6464676d2f4f6938514e7a556249447242546476307171324447343232756d35563336486a4c393171487a414a4e382f666b76585263466d584e42536c6831637279386d656c473845534e777a6f384d374c304f45506b6d48454f435346752f3664685a72496b75334e49646b39667542566a4c304e494e734d33445539756868677070522b55396a747459653759484b776668764d6b486f7877673076576d474a506f6577387a37567249417534627130526e67716c3365736e7a322b374a696b7366354438714b6847576233776731487a2f646273466e2f58666a5673667979734c32374a547a364b4637784b6e377347414b5a6537714669692f31697a385949374d374832656a6272704477334f4e356c79686e464345477276664264562f41796f55466e69454173795a70386571434d6a726948783854344e7379583371306832746d76765954674d4a50632b5547706e734d6536662b334350354661666f2f676e2b4334436c76455878356d6e386a43756436486d4b4237612f716939384d65614b2b753579654b7546524f4a4a5a507757574e33483035797a4f576c4e45674d4c376c5334316833756e68735a397978356c4a3238596d436c39355561795269745930496a38633763747a395a504f764b4848612f5830394e50656d6f727447513759792b6b466939745a657739746d56566458354651465541532b5037665a765873524a4f474558745973765835424f61497079416e44747a69747747487a582b556e75537a634d594945704c366a5339516d58456e7438725638705959483932354971796b657a43376e7a43496f4e355475584f666f66454a395a364c796361453177697a79346433682f5158576e4545795854727a55715975547064506d55424f5842706651306e646d4137324d50522f706d556c7166585a6f526e396438664747794b6f4d374e7068656c6978366a58314c594845524e556c5345312b3067586c6764487179777439703777612b6b30706131736654504b397968764746726930685a36327553337a4d757a325257746e636b4e5538396e33672b444e74543079766e5865384a4a72635657434f38796962654d62574f77527930574d3254547476393333784a7473776437726e71442f5a7a634d6e4236724c7775527033526d74716e744d75336d30515879792b445143523530544335556e6164327736617247376b343465635a4c472f3038586e45346f6b394669563975366936424a437378585a316e327257782b48724f6b39676257567653617070453948663242632f494a3661766467462b764f4f74624e7a7264476f7149597767396b676966322f52746164456e54687a7a343755317372644136343931766461656f4337432f5850643835684b2b7a4d586c374769576753537076326343694e5956504d316272474d4c4c72326772393158446f6b6937314a7a38366e4f2f7844746e426e3070447467493070505a62437039502f576469525a6f554e7a77394c6b344f425634555568516c7944616e484f31394c4a7a347444704f2f6f79315943633170374d354c51554b424341713366387237316b723169674842787553673431354c57516649436e4d393545466c565530514e5639487a70413448304834414d4c7a4566775a45654142466964754e386257465a7a62766943524b376c5263494b7a505832666a5872335944387a71376c41656f72586b63756c30342b6c6a43575352615a776732676c31394463615869557a2f6349344a545076746b464153782b662f77576f554e5136625462732b30486572756c44775a6436325776527a31596d4238414855634b783345376b7a33724c45704b4b784d6d7244563964535345765552504e58793752444c4b4545597a5458595933504b58383759663242326a48674f774a63597a6d627a51307343444f306562444c3276693948586b4f4737304f797570476379636a5771325a35513230365a6e66656949773152773847437833704773345676616750306c42596d434578622f2f716d4b386230543945324a57564a5272434342426457567243666c4a662b46333169487251356d6452636e2f75762b78443331446161703749676b4956597979336130767248377372654c57354174447343674e494167674e413941514141304355426b3748736d66587062757052526e593543566a7874577150572f324c7030336c5949303239764f4a316434487762674f4c2f423562436c7830485433367279435a62463635684a7535717a38787731414168344f4c724d6d7548524f50463272626778593535344c4e3962726e6f78617376566242663274746a76694c685a72444b6a6c33534a79794769386b36536c59506546786c4752644d4735747166597a7365353776636242614a426b777a6b786145765053704e72583338524878322f6678594159316546325a726557647556433335696159352f676e55475070764b67444f327859596367672b345261554a612b4135503439756a39304966726771635754704261446a635950324d774e7a5147745758764f684445757a4f7737624e353578734441676f4462386c4a492b2f5a434d634e6a424c6f387a686545344c30784e624d6b565a756e52434f792f544a737256363745454f73706e4c6d2f475838386c30714c557936773862384a7156554c63447a65596268326d6377684f32377831376e3173337a46594f574350696b383571737551392b6f7645676146692b6a5a49733662467147394238525471326e735234346d6a626446623639575a664c41767673564c7a6d6e5241304b5a57356b633352795a5746744451706c626d5276596d6f4e436a49314944416762324a714451706249444262494455774e31306749444e62494449794e6c306749444934577941304f4468644943417a4f4673674e445535585341674e446462494449314d6c306749445979577941304d6a4264494341354e4673674e445535585341674d544177577941304f446464494630674451706c626d5276596d6f4e436a49324944416762324a7144517062494449794e6c30674451706c626d5276596d6f4e436a49334944416762324a7144516f38504339556558426c4c30316c6447466b595852684c314e31596e5235634755765745314d4c30786c626d64306143417a4d446378506a344e436e4e30636d56686251304b504439346347466a6132563049474a6c5a326c7550534c767537386949476c6b50534a584e553077545842445a576870534870795a564e36546c526a656d746a4f575169507a343865447034625842745a585268494868746247357a4f6e6739496d466b62324a6c4f6d357a4f6d316c64474576496942344f6e6874634852725053497a4c6a45744e7a4178496a344b50484a6b5a6a70535245596765473173626e4d36636d526d50534a6f644852774f693876643364334c6e637a4c6d39795a7938784f546b354c7a41794c7a49794c584a6b5a69317a6557353059586774626e4d6a496a344b50484a6b5a6a70455a584e6a636d6c7764476c76626942795a47593659574a766458513949694967494868746247357a4f6e426b5a6a30696148523063446f764c32357a4c6d466b62324a6c4c6d4e76625339775a4759764d53347a4c79492b436a78775a47593655484a765a48566a5a58492b54576c6a636d397a62325a3077713467563239795a4341794d444535504339775a47593655484a765a48566a5a58492b504339795a4759365247567a59334a70634852706232342b436a78795a4759365247567a59334a706348527062323467636d526d4f6d466962335630505349694943423462577875637a706b597a30696148523063446f764c334231636d777562334a6e4c32526a4c3256735a57316c626e527a4c7a45754d53386950676f385a474d3659334a6c59585276636a3438636d526d4f6c4e6c63543438636d526d4f6d7870506c425351564e42553068555353424254466c424945464f536b464f53547776636d526d4f6d7870506a7776636d526d4f6c4e6c635434384c32526a4f6d4e795a5746306233492b504339795a4759365247567a59334a70634852706232342b436a78795a4759365247567a59334a706348527062323467636d526d4f6d466962335630505349694943423462577875637a703462584139496d6830644841364c793975637935685a4739695a53356a62323076654746774c7a45754d43386950676f38654731774f6b4e795a57463062334a5562323973506b317059334a766332396d644d4b7549466476636d51674d6a41784f547776654731774f6b4e795a57463062334a5562323973506a78346258413651334a6c5958526c524746305a5434794d44497a4c5445774c54417a564449774f6a55794f6a55344b7a41334f6a4177504339346258413651334a6c5958526c524746305a543438654731774f6b31765a476c6d655552686447552b4d6a41794d7930784d4330774d3151794d446f314d6a6f314f4373774e7a6f774d447776654731774f6b31765a476c6d655552686447552b504339795a4759365247567a59334a70634852706232342b436a78795a4759365247567a59334a706348527062323467636d526d4f6d466962335630505349694943423462577875637a70346258424e545430696148523063446f764c32357a4c6d466b62324a6c4c6d4e7662533934595841764d5334774c3231744c79492b436a78346258424e5454704562324e316257567564456c45506e5631615751364f4551794d6a45354f4551744d6a6b7a51693030516b59304c554533526a6774526a6b3052554a424e4555314e544d77504339346258424e5454704562324e316257567564456c45506a78346258424e5454704a626e4e305957356a5a556c45506e5631615751364f4551794d6a45354f4551744d6a6b7a51693030516b59304c554533526a6774526a6b3052554a424e4555314e544d77504339346258424e5454704a626e4e305957356a5a556c45506a7776636d526d4f6b526c63324e79615842306157397550676f674943416749434167494341674943416749434167494341674943416749434167494341674943416749434167494341674943416749434167494341674943416749434167494341674943416749434167494341674943416749434167494341674943416749434167494341674943416749434167494341674943416749434167494341674369416749434167494341674943416749434167494341674943416749434167494341674943416749434167494341674943416749434167494341674943416749434167494341674943416749434167494341674943416749434167494341674943416749434167494341674943416749434167494341674943416749434167494341674943414b49434167494341674943416749434167494341674943416749434167494341674943416749434167494341674943416749434167494341674943416749434167494341674943416749434167494341674943416749434167494341674943416749434167494341674943416749434167494341674943416749434167494341674943416749416f674943416749434167494341674943416749434167494341674943416749434167494341674943416749434167494341674943416749434167494341674943416749434167494341674943416749434167494341674943416749434167494341674943416749434167494341674943416749434167494341674943416749434167494341674369416749434167494341674943416749434167494341674943416749434167494341674943416749434167494341674943416749434167494341674943416749434167494341674943416749434167494341674943416749434167494341674943416749434167494341674943416749434167494341674943416749434167494341674943414b49434167494341674943416749434167494341674943416749434167494341674943416749434167494341674943416749434167494341674943416749434167494341674943416749434167494341674943416749434167494341674943416749434167494341674943416749434167494341674943416749434167494341674943416749416f674943416749434167494341674943416749434167494341674943416749434167494341674943416749434167494341674943416749434167494341674943416749434167494341674943416749434167494341674943416749434167494341674943416749434167494341674943416749434167494341674943416749434167494341674369416749434167494341674943416749434167494341674943416749434167494341674943416749434167494341674943416749434167494341674943416749434167494341674943416749434167494341674943416749434167494341674943416749434167494341674943416749434167494341674943416749434167494341674943414b49434167494341674943416749434167494341674943416749434167494341674943416749434167494341674943416749434167494341674943416749434167494341674943416749434167494341674943416749434167494341674943416749434167494341674943416749434167494341674943416749434167494341674943416749416f674943416749434167494341674943416749434167494341674943416749434167494341674943416749434167494341674943416749434167494341674943416749434167494341674943416749434167494341674943416749434167494341674943416749434167494341674943416749434167494341674943416749434167494341674369416749434167494341674943416749434167494341674943416749434167494341674943416749434167494341674943416749434167494341674943416749434167494341674943416749434167494341674943416749434167494341674943416749434167494341674943416749434167494341674943416749434167494341674943414b49434167494341674943416749434167494341674943416749434167494341674943416749434167494341674943416749434167494341674943416749434167494341674943416749434167494341674943416749434167494341674943416749434167494341674943416749434167494341674943416749434167494341674943416749416f674943416749434167494341674943416749434167494341674943416749434167494341674943416749434167494341674943416749434167494341674943416749434167494341674943416749434167494341674943416749434167494341674943416749434167494341674943416749434167494341674943416749434167494341674369416749434167494341674943416749434167494341674943416749434167494341674943416749434167494341674943416749434167494341674943416749434167494341674943416749434167494341674943416749434167494341674943416749434167494341674943416749434167494341674943416749434167494341674943414b49434167494341674943416749434167494341674943416749434167494341674943416749434167494341674943416749434167494341674943416749434167494341674943416749434167494341674943416749434167494341674943416749434167494341674943416749434167494341674943416749434167494341674943416749416f674943416749434167494341674943416749434167494341674943416749434167494341674943416749434167494341674943416749434167494341674943416749434167494341674943416749434167494341674943416749434167494341674943416749434167494341674943416749434167494341674943416749434167494341674369416749434167494341674943416749434167494341674943416749434167494341674943416749434167494341674943416749434167494341674943416749434167494341674943416749434167494341674943416749434167494341674943416749434167494341674943416749434167494341674943416749434167494341674943414b49434167494341674943416749434167494341674943416749434167494341674943416749434167494341674943416749434167494341674943416749434167494341674943416749434167494341674943416749434167494341674943416749434167494341674943416749434167494341674943416749434167494341674943416749416f674943416749434167494341674943416749434167494341674943416749434167494341674943416749434167494341674943416749434167494341674943416749434167494341674943416749434167494341674943416749434167494341674943416749434167494341674943416749434167494341674943416749434167494341674369416749434167494341674943416749434167494341674943416749434167494341674943416749434167494341674943416749434167494341674943416749434167494341674943416749434167494341674943416749434167494341674943416749434167494341674943416749434167494341674943416749434167494341674943414b504339795a475936556b5247506a777665447034625842745a585268506a772f654842685932746c6443426c626d5139496e6369507a344e436d56755a484e30636d56686251304b5a57356b62324a7144516f794f434177494739696167304b5044777652476c7a6347786865555276593152706447786c494852796457552b5067304b5a57356b62324a7144516f794f534177494739696167304b5044777656486c775a533959556d566d4c314e70656d55674d6a6b76563173674d53413049444a644943395362323930494445674d4342534c306c755a6d38674d5451674d4342534c306c45577a7734524445354d6a493452444e434d6a6c474e445243515464474f4559354e455643515452464e54557a4d4434384f4551784f5449794f45517a516a4935526a5130516b4533526a68474f545246516b4530525455314d7a412b58534176526d6c73644756794c305a735958526c5247566a6232526c4c30786c626d6430614341784d44592b5067304b633352795a574674445170346e43334e4c525a415542514534486d6533794d7056694d703975486f69694937676c55496d69565262454767387379343458356c356c37417a664d59747a5067597845374d536578526778694a6e346852684a3059685548435363533959446e627562776842572b43495152667a4a307662686850626c4a57704a616a2b704e584b5374674265497a6841364451706c626d527a64484a6c5957304e436d56755a4739696167304b65484a6c5a67304b4d43417a4d41304b4d4441774d4441774d4441784e5341324e54557a4e53426d44516f774d4441774d4441774d444533494441774d4441774947344e436a41774d4441774d4441784e6a4d674d4441774d4441676267304b4d4441774d4441774d4449784f5341774d4441774d43427544516f774d4441774d4441774e446b33494441774d4441774947344e436a41774d4441774d4441334e6a6b674d4441774d4441676267304b4d4441774d4441774d4467354f5341774d4441774d43427544516f774d4441774d4441774f544933494441774d4441774947344e436a41774d4441774d4445774f4451674d4441774d4441676267304b4d4441774d4441774d5445314e7941774d4441774d43427544516f774d4441774d4441784d7a6b32494441774d4441774947344e436a41774d4441774d4445304e5441674d4441774d4441676267304b4d4441774d4441774d5455774e4341774d4441774d43427544516f774d4441774d4441784e6a637a494441774d4441774947344e436a41774d4441774d4445354d544d674d4441774d4441676267304b4d4441774d4441774d4441784e6941324e54557a4e53426d44516f774d4441774d4441774d444533494459314e544d314947594e436a41774d4441774d4441774d5467674e6a55314d7a55675a67304b4d4441774d4441774d4441784f5341324e54557a4e53426d44516f774d4441774d4441774d444977494459314e544d314947594e436a41774d4441774d4441774d6a45674e6a55314d7a55675a67304b4d4441774d4441774d4441794d6941324e54557a4e53426d44516f774d4441774d4441774d444177494459314e544d314947594e436a41774d4441774d4449314e5441674d4441774d4441676267304b4d4441774d4441774d6a67344d6941774d4441774d43427544516f774d4441774d4449314d6a4130494441774d4441774947344e436a41774d4441774d6a557a4d4459674d4441774d4441676267304b4d4441774d4441794e544d7a4d7941774d4441774d43427544516f774d4441774d4449344e446733494441774d4441774947344e436a41774d4441774d6a67314d7a49674d4441774d4441676267304b64484a686157786c6367304b5044777655326c365a53417a4d43395362323930494445674d4342534c306c755a6d38674d5451674d4342534c306c45577a7734524445354d6a493452444e434d6a6c474e445243515464474f4559354e455643515452464e54557a4d4434384f4551784f5449794f45517a516a4935526a5130516b4533526a68474f545246516b4530525455314d7a412b5853412b5067304b63335268636e5234636d566d44516f794f44677a4f51304b4a5356465430594e436e68795a57594e436a41674d41304b64484a686157786c6367304b5044777655326c365a53417a4d43395362323930494445674d4342534c306c755a6d38674d5451674d4342534c306c45577a7734524445354d6a493452444e434d6a6c474e445243515464474f4559354e455643515452464e54557a4d4434384f4551784f5449794f45517a516a4935526a5130516b4533526a68474f545246516b4530525455314d7a412b5853417655484a6c646941794f44677a4f533959556d566d55335274494449344e544d79506a344e436e4e3059584a3065484a6c5a67304b4d6a6b314f54594e4369556c52553947, 1);

-- --------------------------------------------------------

--
-- Table structure for table `archive_catalog`
--

CREATE TABLE `archive_catalog` (
  `archive_catalog_id` int(11) NOT NULL,
  `archive_catalog_label` text NOT NULL
) ENGINE=InnoDB DEFAULT CHARSET=utf8mb4;

--
-- Dumping data for table `archive_catalog`
--

INSERT INTO `archive_catalog` (`archive_catalog_id`, `archive_catalog_label`) VALUES
(1, 'DOKTRIN'),
(2, 'ORGANISASI DAN PROSEDUR (SURAT)'),
(3, 'PERENCANAAN'),
(4, 'SISTEM'),
(5, 'INSPEKSI DAN PENGAWASAN'),
(6, 'INTELIJEN-PENGAMANAN'),
(7, 'OPERASI MILITER'),
(8, 'PERSONEL (SPRIN)'),
(9, 'MATERIIL-LOGISTIK'),
(10, 'KOMUNIKASI DAN ELEKTRONIKA'),
(11, 'TERITORIAL'),
(12, 'PENDIDIKAN DAN LATIHAN'),
(13, 'HUKUM'),
(14, 'PENERANGAN'),
(15, 'KESEHATAN'),
(16, 'SEJARAH'),
(17, 'ADMINISTRASI UMUM'),
(18, 'KEUANGAN'),
(19, 'PEMBINAAN MENTAL'),
(20, 'PEMBINAAN JASMANI'),
(21, 'HUBUNGAN INTERNASIONAL'),
(22, 'NAVIGASI DAN AERONAUTIKA'),
(23, 'INDUSTRI'),
(24, 'PSIKOLOGI'),
(25, 'LAPORAN'),
(26, 'PENELITIAN DAN PENGEMBANGAN'),
(27, 'SURVEI DAN PEMETAAN'),
(28, 'KUMPULAN SKEP, KEP KASAU'),
(29, 'CD, DVD'),
(30, 'KERJASAMA'),
(31, 'KODE UNTUK BERKAS');

-- --------------------------------------------------------

--
-- Table structure for table `archive_class`
--

CREATE TABLE `archive_class` (
  `archive_class_id` int(11) NOT NULL,
  `archive_class_label` varchar(256) NOT NULL
) ENGINE=InnoDB DEFAULT CHARSET=utf8mb4;

--
-- Dumping data for table `archive_class`
--

INSERT INTO `archive_class` (`archive_class_id`, `archive_class_label`) VALUES
(1, 'Biasa'),
(2, 'Rahasia'),
(3, 'Sangat Rahasia');

-- --------------------------------------------------------

--
-- Table structure for table `archive_condition`
--

CREATE TABLE `archive_condition` (
  `archive_condition_id` int(11) NOT NULL,
  `archive_condition_label` text NOT NULL
) ENGINE=InnoDB DEFAULT CHARSET=utf8mb4;

--
-- Dumping data for table `archive_condition`
--

INSERT INTO `archive_condition` (`archive_condition_id`, `archive_condition_label`) VALUES
(1, 'Baik'),
(2, 'Rusak'),
(3, 'Sedang');

-- --------------------------------------------------------

--
-- Table structure for table `archive_loc`
--

CREATE TABLE `archive_loc` (
  `archive_loc_id` int(11) NOT NULL,
  `archive_loc_building_id` int(11) NOT NULL,
  `archive_loc_room_id` int(11) NOT NULL,
  `archive_loc_rollopack_id` int(11) NOT NULL,
  `archive_loc_cabinet` int(11) NOT NULL,
  `archive_loc_rack` varchar(128) NOT NULL,
  `archive_loc_box` varchar(128) NOT NULL,
  `archive_loc_cover` varchar(128) NOT NULL,
  `archive_id` int(11) NOT NULL
) ENGINE=InnoDB DEFAULT CHARSET=utf8mb4;

--
-- Dumping data for table `archive_loc`
--

INSERT INTO `archive_loc` (`archive_loc_id`, `archive_loc_building_id`, `archive_loc_room_id`, `archive_loc_rollopack_id`, `archive_loc_cabinet`, `archive_loc_rack`, `archive_loc_box`, `archive_loc_cover`, `archive_id`) VALUES
(1, 1, 1, 2, 1, '1', '1', '', 1),
(4, 1, 1, 1, 1, '1', '1', '', 9),
(5, 1, 1, 1, 1, '1', '1', '', 10),
(6, 1, 1, 1, 2, '1A', 'aa', '', 11);

-- --------------------------------------------------------

--
-- Table structure for table `archive_type`
--

CREATE TABLE `archive_type` (
  `archive_type_id` int(11) NOT NULL,
  `archive_type_label` text NOT NULL
) ENGINE=InnoDB DEFAULT CHARSET=utf8mb4;

--
-- Dumping data for table `archive_type`
--

INSERT INTO `archive_type` (`archive_type_id`, `archive_type_label`) VALUES
(1, 'Berkas'),
(2, 'Buku'),
(3, 'Audio'),
(4, 'Visual'),
(5, 'Film/Vidio'),
(6, 'Kartografi'),
(7, 'Elektronik');

-- --------------------------------------------------------

--
-- Table structure for table `level_user`
--

CREATE TABLE `level_user` (
  `level_user_id` int(11) NOT NULL,
  `level_user_label` text NOT NULL
) ENGINE=InnoDB DEFAULT CHARSET=utf8mb4;

--
-- Dumping data for table `level_user`
--

INSERT INTO `level_user` (`level_user_id`, `level_user_label`) VALUES
(1, 'admin'),
(2, 'operator'),
(3, 'pimpinan');

-- --------------------------------------------------------

--
-- Table structure for table `loc_building`
--

CREATE TABLE `loc_building` (
  `loc_building_id` int(11) NOT NULL,
  `loc_building_label` text NOT NULL
) ENGINE=InnoDB DEFAULT CHARSET=utf8mb4;

--
-- Dumping data for table `loc_building`
--

INSERT INTO `loc_building` (`loc_building_id`, `loc_building_label`) VALUES
(1, 'Gedung I');

-- --------------------------------------------------------

--
-- Table structure for table `loc_cabinet`
--

CREATE TABLE `loc_cabinet` (
  `loc_cabinet_id` int(11) NOT NULL,
  `loc_cabinet_label` text NOT NULL
) ENGINE=InnoDB DEFAULT CHARSET=utf8mb4;

--
-- Dumping data for table `loc_cabinet`
--

INSERT INTO `loc_cabinet` (`loc_cabinet_id`, `loc_cabinet_label`) VALUES
(1, 'L1'),
(2, 'L2'),
(3, 'L3'),
(4, 'L4'),
(5, 'L5');

-- --------------------------------------------------------

--
-- Table structure for table `loc_rollopack`
--

CREATE TABLE `loc_rollopack` (
  `loc_rollopack_id` int(11) NOT NULL,
  `loc_rollopack_label` text NOT NULL,
  `archive_catalog_id` int(11) NOT NULL
) ENGINE=InnoDB DEFAULT CHARSET=utf8mb4;

--
-- Dumping data for table `loc_rollopack`
--

INSERT INTO `loc_rollopack` (`loc_rollopack_id`, `loc_rollopack_label`, `archive_catalog_id`) VALUES
(1, 'R-1', 1),
(2, 'R-2', 2),
(3, 'R-3', 3),
(4, 'R-4', 4),
(5, 'R-5', 5),
(6, 'R-6', 6),
(7, 'R-7', 7),
(8, 'R-8', 8),
(9, 'R-9', 9),
(10, 'R-10', 10),
(11, 'R-11', 11),
(12, 'R-12', 12),
(13, 'R-13', 13),
(14, 'R-14', 14),
(15, 'R-15', 15),
(16, 'R-16', 16),
(17, 'R-17', 17),
(18, 'R-18', 18),
(19, 'R-19', 19),
(20, 'R-20', 20),
(21, 'R-21', 21),
(22, 'R-22', 22),
(23, 'R-23', 23),
(24, 'R-24', 24),
(25, 'R-25', 25),
(67, 'R-26', 26),
(68, 'R-27', 27),
(69, 'R-28', 28),
(70, 'R-29', 29),
(71, 'R-30', 30),
(72, 'R-31', 31);

-- --------------------------------------------------------

--
-- Table structure for table `loc_room`
--

CREATE TABLE `loc_room` (
  `loc_room_id` int(11) NOT NULL,
  `loc_room_label` text NOT NULL
) ENGINE=InnoDB DEFAULT CHARSET=utf8mb4;

--
-- Dumping data for table `loc_room`
--

INSERT INTO `loc_room` (`loc_room_id`, `loc_room_label`) VALUES
(1, 'Ruangan I');

-- --------------------------------------------------------

--
-- Table structure for table `log`
--

CREATE TABLE `log` (
  `log_id` int(11) NOT NULL,
  `action` varchar(256) NOT NULL,
  `timestamp` timestamp NOT NULL DEFAULT current_timestamp() ON UPDATE current_timestamp(),
  `archive_id` int(11) NOT NULL,
  `user_id` int(11) NOT NULL
) ENGINE=InnoDB DEFAULT CHARSET=utf8mb4;

-- --------------------------------------------------------

--
-- Table structure for table `user`
--

CREATE TABLE `user` (
  `user_id` int(11) NOT NULL,
  `username` varchar(20) NOT NULL,
  `password` varchar(256) NOT NULL,
  `satker` varchar(128) NOT NULL,
  `level_user_id` int(11) NOT NULL,
  `login_session` tinyint(1) NOT NULL
) ENGINE=InnoDB DEFAULT CHARSET=utf8mb4;

--
-- Dumping data for table `user`
--

INSERT INTO `user` (`user_id`, `username`, `password`, `satker`, `level_user_id`, `login_session`) VALUES
(1, 'admin', '$2a$10$lMJnLbtJtEJrEyQup9mp6.8sRWfj3cplQwYRvAGuozu7RiPtKSx.u', 'DISINFOLAHTA TNI AU', 1, 1),
(14, 'operator', '$2a$10$vgIc9C8m9pNnWx2Mlx2R..yD9yl.kCxvJhNEX/2rLyZgYdF9CP.gG', 'disinfo', 2, 1),
(16, 'kasubdis', '$2a$10$wtMqVWs5mUMpmAPNpNw07eHUPIR5PYcfdIeFn0yhRFuAg1Fp3OaYu', 'disinfo', 3, 1);

--
-- Indexes for dumped tables
--

--
-- Indexes for table `archive`
--
ALTER TABLE `archive`
  ADD PRIMARY KEY (`archive_id`),
  ADD KEY `archive_catalog_id_2` (`archive_catalog_id`),
  ADD KEY `archive_condition_id` (`archive_condition_id`),
  ADD KEY `archive_type_id` (`archive_type_id`),
  ADD KEY `user_id` (`user_id`),
  ADD KEY `archive_class_id` (`archive_class_id`),
  ADD KEY `archive_catalog_id_3` (`archive_catalog_id`),
  ADD KEY `archive_catalog_id_4` (`archive_catalog_id`),
  ADD KEY `archive_catalog_id` (`archive_catalog_id`) USING BTREE;

--
-- Indexes for table `archive_catalog`
--
ALTER TABLE `archive_catalog`
  ADD PRIMARY KEY (`archive_catalog_id`);

--
-- Indexes for table `archive_class`
--
ALTER TABLE `archive_class`
  ADD PRIMARY KEY (`archive_class_id`);

--
-- Indexes for table `archive_condition`
--
ALTER TABLE `archive_condition`
  ADD PRIMARY KEY (`archive_condition_id`);

--
-- Indexes for table `archive_loc`
--
ALTER TABLE `archive_loc`
  ADD PRIMARY KEY (`archive_loc_id`),
  ADD KEY `archive_loc_building_id` (`archive_loc_building_id`),
  ADD KEY `archive_loc_room_id` (`archive_loc_room_id`),
  ADD KEY `archive_loc_rollopack_id` (`archive_loc_rollopack_id`),
  ADD KEY `archive_id` (`archive_id`),
  ADD KEY `archive_loc_cabinet` (`archive_loc_cabinet`);

--
-- Indexes for table `archive_type`
--
ALTER TABLE `archive_type`
  ADD PRIMARY KEY (`archive_type_id`);

--
-- Indexes for table `level_user`
--
ALTER TABLE `level_user`
  ADD PRIMARY KEY (`level_user_id`);

--
-- Indexes for table `loc_building`
--
ALTER TABLE `loc_building`
  ADD PRIMARY KEY (`loc_building_id`);

--
-- Indexes for table `loc_cabinet`
--
ALTER TABLE `loc_cabinet`
  ADD PRIMARY KEY (`loc_cabinet_id`);

--
-- Indexes for table `loc_rollopack`
--
ALTER TABLE `loc_rollopack`
  ADD PRIMARY KEY (`loc_rollopack_id`),
  ADD KEY `archive_catalog_id` (`archive_catalog_id`);

--
-- Indexes for table `loc_room`
--
ALTER TABLE `loc_room`
  ADD PRIMARY KEY (`loc_room_id`);

--
-- Indexes for table `log`
--
ALTER TABLE `log`
  ADD PRIMARY KEY (`log_id`),
  ADD KEY `archive_id` (`archive_id`),
  ADD KEY `user_id` (`user_id`);

--
-- Indexes for table `user`
--
ALTER TABLE `user`
  ADD PRIMARY KEY (`user_id`),
  ADD KEY `level_user_id_2` (`level_user_id`),
  ADD KEY `level_user_id` (`level_user_id`) USING BTREE;

--
-- AUTO_INCREMENT for dumped tables
--

--
-- AUTO_INCREMENT for table `archive`
--
ALTER TABLE `archive`
  MODIFY `archive_id` int(11) NOT NULL AUTO_INCREMENT, AUTO_INCREMENT=12;

--
-- AUTO_INCREMENT for table `archive_catalog`
--
ALTER TABLE `archive_catalog`
  MODIFY `archive_catalog_id` int(11) NOT NULL AUTO_INCREMENT, AUTO_INCREMENT=32;

--
-- AUTO_INCREMENT for table `archive_class`
--
ALTER TABLE `archive_class`
  MODIFY `archive_class_id` int(11) NOT NULL AUTO_INCREMENT, AUTO_INCREMENT=4;

--
-- AUTO_INCREMENT for table `archive_condition`
--
ALTER TABLE `archive_condition`
  MODIFY `archive_condition_id` int(11) NOT NULL AUTO_INCREMENT, AUTO_INCREMENT=4;

--
-- AUTO_INCREMENT for table `archive_loc`
--
ALTER TABLE `archive_loc`
  MODIFY `archive_loc_id` int(11) NOT NULL AUTO_INCREMENT, AUTO_INCREMENT=7;

--
-- AUTO_INCREMENT for table `archive_type`
--
ALTER TABLE `archive_type`
  MODIFY `archive_type_id` int(11) NOT NULL AUTO_INCREMENT, AUTO_INCREMENT=8;

--
-- AUTO_INCREMENT for table `level_user`
--
ALTER TABLE `level_user`
  MODIFY `level_user_id` int(11) NOT NULL AUTO_INCREMENT, AUTO_INCREMENT=4;

--
-- AUTO_INCREMENT for table `loc_building`
--
ALTER TABLE `loc_building`
  MODIFY `loc_building_id` int(11) NOT NULL AUTO_INCREMENT, AUTO_INCREMENT=3;

--
-- AUTO_INCREMENT for table `loc_cabinet`
--
ALTER TABLE `loc_cabinet`
  MODIFY `loc_cabinet_id` int(11) NOT NULL AUTO_INCREMENT, AUTO_INCREMENT=6;

--
-- AUTO_INCREMENT for table `loc_rollopack`
--
ALTER TABLE `loc_rollopack`
  MODIFY `loc_rollopack_id` int(11) NOT NULL AUTO_INCREMENT, AUTO_INCREMENT=73;

--
-- AUTO_INCREMENT for table `loc_room`
--
ALTER TABLE `loc_room`
  MODIFY `loc_room_id` int(11) NOT NULL AUTO_INCREMENT, AUTO_INCREMENT=2;

--
-- AUTO_INCREMENT for table `log`
--
ALTER TABLE `log`
  MODIFY `log_id` int(11) NOT NULL AUTO_INCREMENT;

--
-- AUTO_INCREMENT for table `user`
--
ALTER TABLE `user`
  MODIFY `user_id` int(11) NOT NULL AUTO_INCREMENT, AUTO_INCREMENT=17;

--
-- Constraints for dumped tables
--

--
-- Constraints for table `archive`
--
ALTER TABLE `archive`
  ADD CONSTRAINT `archive_ibfk_1` FOREIGN KEY (`archive_condition_id`) REFERENCES `archive_condition` (`archive_condition_id`),
  ADD CONSTRAINT `archive_ibfk_2` FOREIGN KEY (`archive_type_id`) REFERENCES `archive_type` (`archive_type_id`),
  ADD CONSTRAINT `archive_ibfk_3` FOREIGN KEY (`archive_catalog_id`) REFERENCES `archive_catalog` (`archive_catalog_id`),
  ADD CONSTRAINT `archive_ibfk_4` FOREIGN KEY (`archive_class_id`) REFERENCES `archive_class` (`archive_class_id`);

--
-- Constraints for table `archive_loc`
--
ALTER TABLE `archive_loc`
  ADD CONSTRAINT `archive_loc_ibfk_1` FOREIGN KEY (`archive_loc_building_id`) REFERENCES `loc_building` (`loc_building_id`),
  ADD CONSTRAINT `archive_loc_ibfk_2` FOREIGN KEY (`archive_loc_room_id`) REFERENCES `loc_room` (`loc_room_id`),
  ADD CONSTRAINT `archive_loc_ibfk_3` FOREIGN KEY (`archive_loc_rollopack_id`) REFERENCES `loc_rollopack` (`loc_rollopack_id`),
  ADD CONSTRAINT `archive_loc_ibfk_4` FOREIGN KEY (`archive_id`) REFERENCES `archive` (`archive_id`),
  ADD CONSTRAINT `archive_loc_ibfk_5` FOREIGN KEY (`archive_loc_cabinet`) REFERENCES `loc_cabinet` (`loc_cabinet_id`);

--
-- Constraints for table `loc_rollopack`
--
ALTER TABLE `loc_rollopack`
  ADD CONSTRAINT `loc_rollopack_ibfk_1` FOREIGN KEY (`archive_catalog_id`) REFERENCES `archive_catalog` (`archive_catalog_id`);

--
-- Constraints for table `log`
--
ALTER TABLE `log`
  ADD CONSTRAINT `log_ibfk_1` FOREIGN KEY (`archive_id`) REFERENCES `archive` (`archive_id`),
  ADD CONSTRAINT `log_ibfk_2` FOREIGN KEY (`user_id`) REFERENCES `user` (`user_id`);

--
-- Constraints for table `user`
--
ALTER TABLE `user`
  ADD CONSTRAINT `user_ibfk_1` FOREIGN KEY (`level_user_id`) REFERENCES `level_user` (`level_user_id`);
COMMIT;

/*!40101 SET CHARACTER_SET_CLIENT=@OLD_CHARACTER_SET_CLIENT */;
/*!40101 SET CHARACTER_SET_RESULTS=@OLD_CHARACTER_SET_RESULTS */;
/*!40101 SET COLLATION_CONNECTION=@OLD_COLLATION_CONNECTION */;
